-- phpMyAdmin SQL Dump
-- version 5.2.1
-- https://www.phpmyadmin.net/
--
-- Servidor: 127.0.0.1
-- Tiempo de generación: 16-05-2023 a las 16:03:58
-- Versión del servidor: 10.4.28-MariaDB
-- Versión de PHP: 8.2.4

SET SQL_MODE = "NO_AUTO_VALUE_ON_ZERO";
START TRANSACTION;
SET time_zone = "+00:00";


/*!40101 SET @OLD_CHARACTER_SET_CLIENT=@@CHARACTER_SET_CLIENT */;
/*!40101 SET @OLD_CHARACTER_SET_RESULTS=@@CHARACTER_SET_RESULTS */;
/*!40101 SET @OLD_COLLATION_CONNECTION=@@COLLATION_CONNECTION */;
/*!40101 SET NAMES utf8mb4 */;

--
-- Base de datos: `alarms_db`
--

DELIMITER $$
--
-- Procedimientos
--
CREATE DEFINER=`root`@`localhost` PROCEDURE `sp_alarms_select_atm` ()   SELECT a.atm , a.name_client , a.site_atm, a.city_atm, a.brand_atm, a.product_atm, a.serial_atm,a.direction_atm, c.name_alarm from atms as a left JOIN alarms_company c on a.id_alarms_FK = c.id_alarms$$

CREATE DEFINER=`root`@`localhost` PROCEDURE `sp_atm_select` ()   SELECT * FROM atms$$

CREATE DEFINER=`root`@`localhost` PROCEDURE `sp_usuarios_id` (`r1_id` INT)   SELECT * FROM `users` WHERE id_user  = r1_id$$

CREATE DEFINER=`root`@`localhost` PROCEDURE `sp_usuarios_login` (IN `ri_usuario` VARCHAR(50))   select * from users where user_name = ri_usuario$$

CREATE DEFINER=`root`@`localhost` PROCEDURE `sp_usuarios_select` ()   SELECT * FROM users$$

CREATE DEFINER=`root`@`localhost` PROCEDURE `sp_usuarios_select_history` ()   SELECT h.id_history , h.hora_fecha, h.nombre_persona_cierre, h.minutes_required,h.observation, h.id_user_FK,a.estado_action, t.atm from history as h left JOIN alarm_action a on h.id_Action_fk = a.id_alarm_action LEFT JOIN atms t on h.atm_FK = t.atm$$

CREATE DEFINER=`root`@`localhost` PROCEDURE `sp_usuarios_select_history_parametros` (IN `fechainicio` VARCHAR(15), IN `fechafin` VARCHAR(15))   SELECT a.estado_action, t.atm from history as h left JOIN alarm_action a on h.id_Action_fk = a.id_alarm_action LEFT JOIN atms t on h.atm_FK = t.atm WHERE h.hora_fecha BETWEEN fechainicio and fechafin$$

CREATE DEFINER=`root`@`localhost` PROCEDURE `sp_usuarios_select_rol` ()   SELECT u.id_user , u.user_name , u.user_password, u.created_at, p.rol_name, s.user_status from users as u left JOIN rol p on u.id_rol_FK = p.id_rol LEFT JOIN users_status s on u.id_estado_FK = s.id_estado$$

CREATE DEFINER=`root`@`localhost` PROCEDURE `sp_usuarios_update` (IN `u_nombre` VARCHAR(50), IN `u_pass` VARCHAR(50), IN `u_id` INT)   UPDATE users SET user_name  = u_nombre, user_password = u_pass WHERE id_user =u_id$$

DELIMITER ;

-- --------------------------------------------------------

--
-- Estructura de tabla para la tabla `alarms_company`
--

CREATE TABLE `alarms_company` (
  `id_alarms` int(11) NOT NULL,
  `name_alarm` varchar(25) NOT NULL
) ENGINE=InnoDB DEFAULT CHARSET=utf8mb4 COLLATE=utf8mb4_general_ci;

--
-- Volcado de datos para la tabla `alarms_company`
--

INSERT INTO `alarms_company` (`id_alarms`, `name_alarm`) VALUES
(1, 'AUTOURBE EXT.(2)'),
(2, 'G4S TECHNOLOGY EXT.(6931)'),
(3, 'NO ALARM');

-- --------------------------------------------------------

--
-- Estructura de tabla para la tabla `alarm_action`
--

CREATE TABLE `alarm_action` (
  `id_alarm_action` int(11) NOT NULL,
  `estado_action` varchar(15) NOT NULL
) ENGINE=InnoDB DEFAULT CHARSET=utf8mb4 COLLATE=utf8mb4_general_ci;

--
-- Volcado de datos para la tabla `alarm_action`
--

INSERT INTO `alarm_action` (`id_alarm_action`, `estado_action`) VALUES
(1, 'APERTURA'),
(2, 'CIERRE');

-- --------------------------------------------------------

--
-- Estructura de tabla para la tabla `atms`
--

CREATE TABLE `atms` (
  `atm` int(4) NOT NULL,
  `name_client` varchar(25) NOT NULL,
  `site_atm` varchar(25) NOT NULL,
  `city_atm` varchar(25) NOT NULL,
  `direction_atm` varchar(60) NOT NULL,
  `brand_atm` varchar(25) NOT NULL,
  `product_atm` varchar(25) NOT NULL,
  `serial_atm` varchar(20) NOT NULL,
  `id_alarms_FK` int(11) NOT NULL
) ENGINE=InnoDB DEFAULT CHARSET=utf8mb4 COLLATE=utf8mb4_general_ci;

--
-- Volcado de datos para la tabla `atms`
--

INSERT INTO `atms` (`atm`, `name_client`, `site_atm`, `city_atm`, `direction_atm`, `brand_atm`, `product_atm`, `serial_atm`, `id_alarms_FK`) VALUES
(1015, 'SERVIBANCA', 'GNBC_PP_SIERRA_I', 'BOGOT?', '1015_Avda 116 No 11-12', 'DIEBOLD', 'Opteva 720', '1720FGR00554', 2),
(1028, 'SERVIBANCA', 'CENTRO_CALI', 'CALI', 'Cr. 4 No. 12-46', 'DIEBOLD', 'Opteva 522', '1522VDC07792', 2),
(1033, 'SERVIBANCA', 'COLOMBIA_MDE', 'MEDELL?N', 'Cra.80 No.49F-13', 'DIEBOLD', 'S-22 E', '1562R3302054', 2),
(1041, 'SERVIBANCA', 'TERMIN_BQUILLA', 'SOLEDAD', 'Prolong. Calle Murillo', 'IDIS', 'S-22 E', 'SV1041', 1),
(1043, 'SERVIBANCA', 'VS_COOPTRAISSBTA', 'BOGOT?', 'CALLE 24 # 26-70', 'WINCOR NIXDORF', 'C280', '56HG705156', 2),
(1044, 'SERVIBANCA', 'VS_COOPTRAISSBQA', 'BARRANQUILLA', 'CARRERA 53 # 59-77', 'WINCOR NIXDORF', 'C280', '56HG705170', 2),
(1046, 'SERVIBANCA', 'ANG_MALL_VALLED', 'VALLEDUPAR', '1046_Cra. 7 # 16 C? C.C Angeles Mall', 'DIEBOLD', 'Opteva 522', 'SV1046', 1),
(1049, 'SERVIBANCA', 'CHIGORODO', 'CHIGOROD?', '1047_Calle 97 No 103', 'IDIS', 'S-22 E', 'SV1049', 1),
(1051, 'SERVIBANCA', 'CURRULAO', 'CURRULAO', '1051_Cra 50 No 50-05', 'IDIS', 'S-22 E', 'SV1051', 1),
(1053, 'SERVIBANCA', 'BMIA_TUNJA', 'TUNJA', 'CARRERA 10 # 26-56', 'WINCOR NIXDORF', 'C280', '56HG705176', 1),
(1057, 'SERVIBANCA', 'EXITO_BOG', 'BOGOT?', '1057_Cra.59A No.79-30', 'WINCOR NIXDORF', 'C280', '56HG704427', 1),
(1059, 'SERVIBANCA', 'VILL_DE_GRANADA', 'BOGOT?', 'CARRERA 113 # 74 B 23', 'WINCOR NIXDORF', 'C280', '56HG704535', 2),
(1060, 'SERVIBANCA', 'CC_ENSUE?O', 'BOGOT?', 'CARRERA 51 # 59C SUR -93 LOCAL 208B', 'WINCOR NIXDORF', 'C280', '56HG705024', 1),
(1061, 'SERVIBANCA', 'SURTIMAX_JAVIER', 'MEDELLIN', '1061_Calle 101 No. 42-17', 'IDIS', 'Opteva 562', 'SV1061', 1),
(1062, 'SERVIBANCA', 'GNBC_SAN_MARTIN', 'BOGOT?', '1062_Cra. 10 No 27-39', 'DIEBOLD', 'Opteva 720', '1720FGR00555', 2),
(1063, 'SERVIBANCA', 'ED_OPTIMUS', 'BOGOT?', 'AV EL DORADO # 96 J 90', 'WINCOR NIXDORF', 'C280', '56HG704419', 1),
(1065, 'SERVIBANCA', 'SAN_AN_CENTRO', 'BUCARAMANGA', 'CALLE 37 # 14 - 74', 'DIEBOLD', 'Opteva 500', '1500F3303921', 2),
(1069, 'SERVIBANCA', 'GOBERNA_BMANGA', 'BUCARAMANGA', 'Carrera 11 No 37-85 L.5', 'WINCOR NIXDORF', 'C280', '56HG705052', 1),
(1070, 'SERVIBANCA', 'VS_FAVIUT_PEREIR', 'PEREIRA', '1070_Vereda la Julita Bloque Ind', 'IDIS', '5867', 'SV1070', 1),
(1071, 'SERVIBANCA', 'NUEVO_KENNEDY', 'BOGOT?', 'CARRERA 79 # 43-49 SUR ', 'WINCOR NIXDORF', 'C280', '56HG705129', 2),
(1075, 'SERVIBANCA', 'LA_GRANJA_CL_80', 'BOGOT?', '1075_ Calle 80 No. 80A-53', 'WINCOR NIXDORF', 'C280', '56DW402329', 1),
(1078, 'SERVIBANCA', 'BCOOMV_BCMEJA_2', 'BARRANCABERMEJA', 'CRA 15 #49-34 ', 'DIEBOLD', 'Opteva 720', '1562R3300201', 1),
(1079, 'SERVIBANCA', 'SUPER_RAPIMIO', 'SANTA MARTA', '1079_Calle 30 No. 74-41', 'IDIS', 'S-22 E', 'SV1079', 1),
(1081, 'SERVIBANCA', 'VIS_CAN_PL_AMER', 'BOGOT?', '1081_Trans 71 D No. 6-94 Sur Piso 3', 'DIEBOLD', 'Opteva 562', '1562R3300202', 2),
(1083, 'SERVIBANCA', 'ITAU_GECOL_CALI', 'YUMBO', '1083_Antigua Carretera Yumbo Km 4 Arroyondo', 'IDIS', 'S-22 E', 'SV1083', 2),
(1084, 'SERVIBANCA', 'ITAU_GECOL_MDELL', 'SABANETA', '1084_Cra 48 Sur No 55 Sur - 56 Sabaneta', 'DIEBOLD', 'S-22 E', 'SV1084', 2),
(1091, 'SERVIBANCA', 'EXITO_EXP_FLORI', 'FLORIDABLANCA', 'CALLE 200 # 25-12', 'WINCOR NIXDORF', 'Opteva 522', '56HG705036', 1),
(1092, 'SERVIBANCA', 'DON_JORGE', 'BOGOT?', 'CALLE 43 SUR # 78N16', 'DIEBOLD', 'Opteva 522', '1522VDC08932', 1),
(1094, 'SERVIBANCA', 'BMIA_AGUACHICA', 'AGUACHICA', 'CALLE 5 # 21-63 LOCAL 1', 'WINCOR NIXDORF', 'C280', '56HG705223', 2),
(1095, 'SERVIBANCA', 'CAFAM_KENEDY', 'BOGOT?', '1095_Cra.80 No.38-31s', 'DIEBOLD', 'Opteva 500', '1500F3302394', 2),
(1098, 'SERVIBANCA', 'EXITO_ARANJUEZ', 'MEDELLIN', '1089_CALLE 94 N 48 -13', 'IDIS', 'Opteva 520', 'SV1098', 1),
(1103, 'SERVIBANCA', 'CHIA CALLE 7', 'CH?A', 'CALLE 7 CARRERA 11', 'WINCOR NIXDORF', 'C280', '56HG705145', 2),
(1107, 'SERVIBANCA', 'AV. CHILACOS', 'CH?A', 'CALLE 21 # 2-66', 'WINCOR NIXDORF', 'C280', '56HG705104', 1),
(1108, 'SERVIBANCA', 'HOTEL CHIN. REAL', 'CHINAUTA', 'VIA BOGOTA MELGAR KILOMETRO 68,5', 'WINCOR NIXDORF', 'PROCASH 280 N', '56HG705159', 2),
(1118, 'SERVIBANCA', 'MAKRO_FLORID', 'FLORIDABLANCA', 'KM 2 ANILLO VIAL LOTE? GALICIA', 'WINCOR NIXDORF', 'PROCASH 280 N', '56HG705014', 2),
(1126, 'SERVIBANCA', 'LA VAQUITA BALSOS', 'MEDELL?N', 'CALLE 9 SUR NO 29 D 76', 'WINCOR NIXDORF', 'C280', '56HG705019', 2),
(1128, 'SERVIBANCA', 'STMAX_GARDEL_PL', 'MEDELL?N', 'CRA 45 # 71 A CALLE 72 NO 44-105', 'WINCOR NIXDORF', 'C280', '56HG704418', 2),
(1137, 'SERVIBANCA', 'UNI_ROSARIO_NTE', 'BOGOT?', 'CALLE 200 ENTRE AUTONORTE Y SEPTIMA', 'WINCOR NIXDORF', 'C280', '56HG705040', 3),
(1140, 'SERVIBANCA', 'GREEN_HILLS', 'TUNJA', 'AV UNIVERSITARIA # 75 A 00 BLOQUE G LOCAL 2G', 'WINCOR NIXDORF', 'C280', '56HG704993', 2),
(1176, 'SERVIBANCA', 'C.C.PRADO_VERDE', 'SOACHA', '1176_ SUPER MANZANA 28 / 4 ETAPA CIUDAD', 'WINCOR NIXDORF', 'C280', '56HG701332', 1),
(1177, 'SERVIBANCA', 'LLEVE_CARIMAGUA', 'BOGOT?', '1177_Cra 72L No. 38F-52 Sur', 'DIEBOLD', 'Opteva 510', '1510FDC05954', 1),
(1182, 'SERVIBANCA', 'NUEVA_TIBABUYES', 'BOGOT?', '1182_ CRA. 128 No. 144-28 LOCAL 34', 'DIEBOLD', 'Opteva 522', '1522FDC29353', 1),
(1183, 'SERVIBANCA', 'SAN_FRANCISCO', 'BUCARAMANGA', '1183_Cra 22 No 18-25', 'IDIS', 'S-22 E', 'SV1183', 1),
(1185, 'SERVIBANCA', 'SAN_CRSTOBAL_NO', 'BOGOT?', '1185_Calle 162 A No. 5A', 'DIEBOLD', 'Opteva 522', '1522FDC29346', 1),
(1190, 'SERVIBANCA', 'CC_VENTURA_PLAZ', 'C?CUTA', '1190_C.C Ventura local 3-39? Calle 10 y 11', 'DIEBOLD', 'S-22 E', '1522FDC05192', 1),
(1192, 'SERVIBANCA', 'LULO_SONORA', 'BOGOT?', '1192_Calle 155 a No. 7D-70', 'DIEBOLD', 'Opteva 522', '1522FDC29347', 1),
(1194, 'SERVIBANCA', 'GALERIAS_TERRON', 'CALI', '1194_Avda 5 Oeste 19-01', 'IDIS', 'Opteva 510', 'SV1194', 1),
(1199, 'SERVIBANCA', 'COMFEN_CENTRO', 'CARTAGENA', '1199_La Matuna Av. Venezuela', 'DIEBOLD', 'Opteva 562', 'SV1199', 1),
(1200, 'SERVIBANCA', 'PARQUE_PALMAS', 'BUCARAMANGA', '1200_CLL 44 29-46', 'IDIS', 'Opteva 522', 'SV1200', 2),
(1201, 'SERVIBANCA', 'ROZO', 'PALMIRA', '1201_Calle 10 # 9A-29', 'DIEBOLD', 'Opteva 522', '1522VDC08005', 2),
(1205, 'SERVIBANCA', 'GNB_BOLIVARIANO', 'BOGOT?', '1205_Av. Boyaca # 15-69', 'WINCOR NIXDORF', 'C280', '56HG705130', 2),
(1208, 'SERVIBANCA', 'CAFAM_MELGAR', 'MELGAR', '1208_CLL 8 CR 15', 'DIEBOLD', 'Opteva 562', '1500V3300007', 1),
(1216, 'SERVIBANCA', 'SAN_LUCAS_PLAZA', 'MEDELL?N', 'CALLE 20 SUR # 27-55', 'WINCOR NIXDORF', 'C280', '56HG704999', 2),
(1217, 'SERVIBANCA', 'CC_CECOA_II', 'CI?NAGA', '1217_Calle 17 No 10-63', 'IDIS', '', 'SV1217', 2),
(1218, 'SERVIBANCA', 'ZONA FRANCA', 'BARRANQUILLA', '1218_Cra 30 Av Hamburgo Ed Ctral', 'IDIS', 'Opteva 562', 'SV1218', 1),
(1219, 'SERVIBANCA', 'SURTIMAX_LA_GLOR', 'BOGOT?', 'CARRERA 11 ESTE CALLE 43 SUR', 'WINCOR NIXDORF', 'C280', '56HG704995', 1),
(1220, 'SERVIBANCA', 'AURORA_II', 'BUCARAMANGA', '1220_Carrera 30 # 31-30', 'IDIS', 'S-22 E', 'SV1220', 1),
(1225, 'SERVIBANCA', 'METRO_BOSA', 'BOGOT?', 'Carrera 92 # 60-90', 'DIEBOLD', 'Opteva 562', '1562R3300934', 1),
(1226, 'SERVIBANCA', 'PANPAYA_71_II', 'BOGOT?', '1226_CL 71 5-11', 'DIEBOLD', 'Opteva 500', '1500F3303914', 2),
(1228, 'SERVIBANCA', 'CC_PARQUE_COLINA', 'BOGOT?', 'AVENIDA BOYACA # 145 - 02', 'WINCOR NIXDORF', 'C280', '56HG704970', 2),
(1234, 'SERVIBANCA', 'C.C_CENTENARIO', 'CALI', 'Av. 3 Norte # 7N-46 L.201C', 'DIEBOLD', 'Opteva 500', '1500V3300004', 3),
(1236, 'SERVIBANCA', 'C.C_PUNTO_CLAVE', 'MEDELL?N', '1236_CLL 27 46-70', 'DIEBOLD', 'Opteva 522', '1522FDC28614', 3),
(1237, 'SERVIBANCA', 'CC_NUESTRO_ATLAN', 'SOLEDAD', 'CALLE 63 # 13 - 71', 'IDIS', 'Opteva 522', 'SV1237', 1),
(1240, 'SERVIBANCA', 'CA?AVE_VILLANUEVA', 'CALI', 'CARRERA 29 CON DIAGONAL 29 A', 'IDIS', 'Opteva 562', 'SV1240', 1),
(1241, 'SERVIBANCA', 'LA VAQUITA SABANETA', 'SABANETA', 'CARRERA 43 A # 63 SUR 190', 'WINCOR NIXDORF', 'C280', '56HG705016', 2),
(1242, 'SERVIBANCA', 'CASA_GRANDE_TRONCAL', 'CALI', 'CARRERA 8 # 39 - 106', 'IDIS', 'Digital Video Recorder', 'SV1242', 1),
(1243, 'SERVIBANCA', 'TEXACO_FLANDES', 'FLANDES', '1243_Carrera 7 # 13A-12', 'DIEBOLD', 'S-22 E', '1522FDC29033', 1),
(1244, 'SERVIBANCA', 'HOME_C_MOSQUERA', 'MOSQUERA', 'AVENIDA TRONCAL DE OCCIDENTE # 1-59 ESTE', 'WINCOR NIXDORF', 'C280', '56HG705015', 2),
(1246, 'SERVIBANCA', 'OUTLET_ARAUCO', 'SOP?', 'KM. 07 VIA BRICE?O-SOPO', 'WINCOR NIXDORF', 'C280', '56HG704397', 1),
(1247, 'SERVIBANCA', 'FUSAGASUGA', 'FUSAGASUG?', '1247_Carrera 6 # 9-53', 'DIEBOLD', 'Opteva 562', '1522VDC08102', 1),
(1248, 'SERVIBANCA', 'ECOSPETROL', 'BARRANQUILLA', '1248_CR 8 B 5-32', 'IDIS', 'S-22 E', 'SV1248', 1),
(1249, 'SERVIBANCA', 'SERFINANZA_CLL_93', 'BOGOT?', 'CALLE 93 # 13- 13', 'WINCOR NIXDORF', 'C280', '56HG704496', 2),
(1250, 'SERVIBANCA', '?XITO_MULTIPLAZA', 'BOGOT?', 'AV CALLE 13 CON AV.? BOYACA?', 'WINCOR NIXDORF', 'C280', '56HG705070?', 1),
(1251, 'SERVIBANCA', 'CC_GRAN_PLA_ALCA', 'YOPAL', 'Calle 30 # 26-29', 'WINCOR NIXDORF', 'C280', '56HG705082', 2),
(1252, 'SERVIBANCA', 'CC_GRAN_PLA_SANT', 'PITALITO', 'Carrera 15 # 19 A 01 Sur', 'WINCOR NIXDORF', 'C280', '56HG705078', 2),
(1255, 'SERVIBANCA', 'OXXO_C_POINT_MOD', 'BOGOT?', 'CALLE 25G#73B-90 Local 105', 'DIEBOLD', 'Opteva 510', '1510FDC04460', 3),
(1261, 'SERVIBANCA', 'EXITO_NEIVA', 'NEIVA', '1261_Calle 8 # 2-21', 'IDIS', 'C280', 'SV1261', 1),
(1263, 'SERVIBANCA', 'CC_AV_FUSAGASUGA', 'FUSAGASUG?', 'CALLE 8 # 21-92', 'DIEBOLD', 'Opteva 510', '1510FDC04466', 2),
(1264, 'SERVIBANCA', 'CALLE_20', 'PASTO', '1264_Calle 20 No 27-79', 'DIEBOLD', 'S-22 E', '1562R3300905', 2),
(1265, 'SERVIBANCA', 'ESSO_MATECANA', 'PEREIRA', '1265_AV 30 49-76', 'DIEBOLD', 'S-22 E', '1522VDC08100', 2),
(1266, 'SERVIBANCA', 'C.C_PLAZA_DSOL', 'DOSQUEBRADAS', '1266_AV SIMON BOLIVAR 24-70', 'DIEBOLD', 'C280', '1522FDC28618', 2),
(1267, 'SERVIBANCA', 'CC_GRAN_SAN', 'BOGOT?', 'CARRERA 10 # 9-37', 'WINCOR NIXDORF', 'C280', '56HG705078', 1),
(1268, 'SERVIBANCA', 'MAS_X_MENOS_FCO', 'BUCARAMANGA', '1268_CR 23 CL 14', 'IDIS', 'Opteva 522', 'SV1268', 2),
(1271, 'SERVIBANCA', 'CC_NEOS_MODA', 'BOGOT?', 'AV. JIMENEZ # 9-43', 'WINCOR NIXDORF', 'C280', '56HG705068', 1),
(1273, 'SERVIBANCA', 'CALLE_14', 'BUCARAMANGA', '1273_CLL 14 32A-54', 'IDIS', 'Opteva 522', 'SV1273', 1),
(1280, 'SERVIBANCA', 'BARRIO_CORDOBA', 'BOGOT?', 'DIAGONAL 26 BIS SUR # 1? 18 ESTE', 'DIEBOLD', 'Opteva 562', '1562R3303408', 1),
(1281, 'SERVIBANCA', 'TERMIN_CALI_I', 'CALI', '1281_Cll 30 N No. 2AN-29', 'WINCOR NIXDORF', 'S-22 E', '56HG701343', 1),
(1282, 'SERVIBANCA', 'OXXO_PERDOMO', 'BOGOT?', 'CALLE 63 # 70 B -89 SUR', 'WINCOR NIXDORF', 'C280', '56HG705065', 2),
(1286, 'SERVIBANCA', 'SANTO_TOMAS', 'BUCARAMANGA', '1286_CLL 9 18-69', 'IDIS', 'Opteva 500', 'SV1286', 1),
(1287, 'SERVIBANCA', 'SERENA_II', 'BOGOT?', '1287_CLL 90 85A-11', 'DIEBOLD', 'Opteva 522', '1522VDC07751', 1),
(1297, 'SERVIBANCA', 'CC_USAQUEN_PLAZA', 'BOGOT?', 'CARRERA 7 # 120-20', 'WINCOR NIXDORF', 'C280', '56HG705077', 2),
(1298, 'SERVIBANCA', 'TERPEL_LAVIRGEN', 'BUCARAMANGA', '1298_CR 15 CL 43', 'IDIS', 'S-22 E', 'SV1298', 1),
(1300, 'SERVIBANCA', 'LA_14_PEREIRA', 'PEREIRA', '1300_CLL 17 17-230', 'DIEBOLD', 'Opteva 522', '1522FDC28609', 3),
(1306, 'SERVIBANCA', 'LULO_C_EMP_COLP', 'BOGOT?', '1306_Cra 54 A No. 127A-45', 'DIEBOLD', 'Opteva 522', '1522FDC28604', 2),
(1309, 'SERVIBANCA', 'JUMBO_PREMIUN', 'MEDELL?N', 'Carrera 44 # 29-80', 'DIEBOLD', 'Opteva 522', '1522FDC28534', 3),
(1310, 'SERVIBANCA', 'EDS_MOBIL_IPIALE', 'IPIALES', 'CARRERA 6 # 19-32', 'WINCOR NIXDORF', 'C280', '56HG705038', 2),
(1311, 'SERVIBANCA', 'COMFAN_S_ROSA', 'CALI', '1311_CR 8 8-26', 'DIEBOLD', 'C280', '1522FDC28533', 1),
(1313, 'SERVIBANCA', 'CC_VALLE_D_ATRIZ', 'PASTO', 'CARRERA 41 # 18A-50', 'WINCOR NIXDORF', 'C280', '56HG705035', 2),
(1315, 'SERVIBANCA', 'OL_GUACARI', 'SINCELEJO', 'CALLE 28 # 25B-365', 'WINCOR NIXDORF', 'C280', '54HG705026', 1),
(1316, 'SERVIBANCA', 'CC_SINCELEJO_CEN', 'SINCELEJO', 'CALLE 21 # 21-08', 'DIEBOLD', 'Opteva 522', '1522FDC02316', 2),
(1317, 'SERVIBANCA', 'TERP_CIRCUNVALA', 'BARRANQUILLA', '1317_CLL 110 30-53', 'DIEBOLD', 'Opteva 500', '1562R3302042', 1),
(1318, 'SERVIBANCA', '?XITO_CALIMA', 'BOGOT?', 'CALLE 19 # 28-80', 'WINCOR NIXDORF', 'C280', '56HG705067', 1),
(1320, 'SERVIBANCA', 'OL_CASTELLANA', 'BOGOT?', 'CLL 95 #47A - 09', 'DIEBOLD', 'Opteva 522', '1522FDC28532', 2),
(1321, 'SERVIBANCA', 'OL_CC_STA_BARBA', 'BOGOT?', 'CRA 7 #115 - 60 ', 'DIEBOLD', 'Opteva 522', '1522FDC28562', 3),
(1322, 'SERVIBANCA', 'EXITO_MONTERIA', 'MONTERIA', '1322_Cra 6 No 62-21', 'IDIS', 'C280', 'SV1322', 1),
(1323, 'SERVIBANCA', 'CABECERA_BGA', 'BUCARAMANGA', 'Cr.33 No. 49-33', 'IDIS', 'S-22 E', 'SV1323', 1),
(1326, 'SERVIBANCA', 'CONVENCIONES', 'CARTAGENA', 'Cr.8B No.24-36', 'EUDOX', 'Opteva 562', 'SV1326', 1),
(1327, 'SERVIBANCA', 'CC_VENTURA_TERRE', 'SOACHA', 'CARRERA 1 # 38-89', 'DIEBOLD', 'Opteva 510', '1510FDC05952', 2),
(1328, 'SERVIBANCA', 'TEXACO_9', 'BARRANQUILLA', '1328_CLL 42 40-15', 'IDIS', 'S-22 E', 'SV1328', 1),
(1329, 'SERVIBANCA', 'VILLA_CAROLINA', 'BARRANQUILLA', '1329_CR 75 87-44', 'IDIS', 'C280', 'SV1329', 2),
(1332, 'SERVIBANCA', 'CC_CABECERA_IV_E', 'BUCARAMANGA', 'CARRERA 35A # 49-55', 'WINCOR NIXDORF', 'C280', '56HG705079', 2),
(1337, 'SERVIBANCA', 'OXXO_QUIROGA', 'BOGOT?', 'CALLE 32 SUR # 23-33', 'WINCOR NIXDORF', 'C280', '56HG705065', 2),
(1338, 'SERVIBANCA', 'PUEBLITO_PAISA', 'MEDELLIN', 'PUEBLITO PAISA', 'IDIS', 'Opteva 522', 'SV1338', 1),
(1339, 'SERVIBANCA', 'S_INTER_GUADALU', 'CALI', '1339_CR 56 13C-103', 'DIEBOLD', 'Opteva 522', '1522FDC28558', 3),
(1345, 'SERVIBANCA', 'OL_BUENAVENTURA', 'BUENAVENTURA', 'CLL 2 #1A-08', 'IDIS', 'S-22 E', 'SV1345', 1),
(1346, 'SERVIBANCA', 'C.C_OBELISCO', 'MEDELL?N', '1346_Kra 74 No 48-37???????????', 'DIEBOLD', 'Opteva 520', '1510FDC05949', 2),
(1347, 'SERVIBANCA', 'CARULLA_C_D_MAR', 'BARRANQUILLA', '1347_ Calle 3a Cra 26 Puerto Colombia', 'DIEBOLD', 'Opteva 562', '1510FDC05946', 1),
(1351, 'SERVIBANCA', 'LA_14_CALIMA_I', 'CALI', '1351_Cr.1 No.66-49 L103', 'DIEBOLD', 'Opteva 522', '1522VGR00101', 1),
(1355, 'SERVIBANCA', 'ALHAMBRA_I', 'BOGOT?', '1355_Calle 114 A No 33-38', 'DIEBOLD', 'Opteva 562', '1562R3302274', 1),
(1364, 'SERVIBANCA', 'ECO_PIEDECUESTA', 'PIEDECUESTA', '1364_Cra 15 No. 10N-65 Piso 1 local 13', 'DIEBOLD', 'Opteva 562', '1562R3301002', 1),
(1365, 'SERVIBANCA', 'EL_GUITARRON', 'BUCARAMANGA', '1365_CR 33 CLL 18', 'IDIS', '', 'SV1365', 1),
(1366, 'SERVIBANCA', 'C_HISTORIC_TUNJ', 'TUNJA', '1366_ Calle 19 No. 9-35 Local 5', 'DIEBOLD', 'Opteva 520', '1522FDC02301', 1),
(1371, 'SERVIBANCA', 'S_INTER_INDEPEN', 'CALI', '1371_CR 40B 27-40', 'DIEBOLD', 'Opteva 522', '1522FDC28536', 2),
(1372, 'SERVIBANCA', 'OL_VERSALLES_2', 'CALI', 'AV 4 NORTE #21 N-89', 'DIEBOLD', 'Opteva 522', '1522FDC28591', 3),
(1375, 'SERVIBANCA', 'TERMINAL_ARMENIA', 'ARMENIA (QUINDIO)', 'CALLE 35 # 20-68', 'WINCOR NIXDORF', 'C280', '56HG705010', 2),
(1376, 'SERVIBANCA', 'GNB_YOTOCO', 'YOTOCO', '1376_Km 4 Via Buga Despues de Mediacanoa', 'IDIS', 'S-22 E', 'SV1376', 1),
(1377, 'SERVIBANCA', 'TERPEL_TUNJA', 'TUNJA', '1377_Cra. 7 No. 14-82', 'IDIS', 'S-22 E', 'SV1377', 1),
(1378, 'SERVIBANCA', 'LA_14_B_VENTURA', 'BUENAVENTURA', '1378_CR 46 AV SIMON BOLIVAR', 'WINCOR NIXDORF', 'S-22', '56HG704406', 1),
(1382, 'SERVIBANCA', 'TERPEL_CASONA', 'CALI', '1382_Cra 27 No 103-38', 'WINCOR NIXDORF', 'C280', '56HG704506', 1),
(1386, 'SERVIBANCA', 'UNIVERSIDAD_FUMC', 'MEDELL?N', 'CALLE 56 # 41-90', 'WINCOR NIXDORF', 'C280', '56HG705009', 2),
(1388, 'SERVIBANCA', 'EDS_TERPEL_SAN PEDRO', 'BUCARAMANGA', 'AUTOPISTA BUCARAMANGA ? PIEDECUESTA, KILOMETRO 7 COSTADO ORI', 'WINCOR NIXDORF', 'C280', '56HG705086', 2),
(1389, 'SERVIBANCA', 'SABANA_PLAZA', 'BOGOT?', '1389_CLL 13 19-71', 'DIEBOLD', 'Opteva 522', '1522FDC28590', 2),
(1391, 'SERVIBANCA', 'GALAPA', 'GALAPA', '1391_PLAZA PPAL', 'IDIS', 'C280', 'SV1391', 2),
(1396, 'SERVIBANCA', 'EXITO_JAMUNDI', 'JAMUND?', '1396_CLL 2A 22-175 KM 2', 'DIEBOLD', 'Opteva 522', '1522FDC28585', 2),
(1397, 'SERVIBANCA', 'UNICENTRO_MEDEL', 'MEDELL?N', '1397_Cra 66 b No. 34A-76', 'DIEBOLD', 'Opteva 522', '1522FDC29042', 3),
(1398, 'SERVIBANCA', 'CORFERIAS', 'BOGOT?', '1398_CRA. 37 N? 24 ? 67 PabellOn 17', 'DIEBOLD', 'Opteva 510', '1510FDC05957', 2),
(1401, 'SERVIBANCA', 'AUTO_NORTE_114', 'BOGOT?', '1401_Autopista Norte No. 114 -44', 'DIEBOLD', 'Opteva 520', '1520VDC02831', 2),
(1402, 'SERVIBANCA', 'D1_PALERMO', 'BOGOT?', '1402_Calle 45 No. 20-34', 'DIEBOLD', 'Opteva 562', '1562R3300866', 2),
(1403, 'SERVIBANCA', 'CCAFAM_UNISUR', 'SOACHA', '1403_Cra 3 No, 29A-02 Local 1087', 'DIEBOLD', 'Opteva 520', '1520VDC02807', 2),
(1407, 'SERVIBANCA', 'LA_FRAGUA', 'BOGOT?', 'CALLE 17 SUR # 28-47, LOCAL 16', 'WINCOR NIXDORF', 'C280', '56HG701882?', 2),
(1414, 'SERVIBANCA', 'MALL_MALAMBO', 'MALAMBO', 'DIAGONAL 18 # 17-51 VIA CARACOLI', 'DIEBOLD', 'Opteva 522', '1522FDC28574', 2),
(1418, 'SERVIBANCA', 'MEGA_ BOCAGRANDE', 'CARTAGENA', 'CARRERA 5 # 3-29', 'WINCOR NIXDORF', 'C280', '56HG705012', 2),
(1419, 'SERVIBANCA', 'CC MEGA_BLUEGARD', 'BARRANQUILLA', 'CARRERA 53 # 100-50', 'WINCOR NIXDORF', 'C280', '56HG705015', 1),
(1421, 'SERVIBANCA', 'BMIA_TULUA', 'TUL?A', 'CALLE 27 # 26-60 LOCAL 307', 'WINCOR NIXDORF', 'PROCASH 280 N', '56HG705088', 2),
(1425, 'SERVIBANCA', 'MERCASUR_S PEDRO', 'BUCARAMANGA', 'CALLE 45 # 28 ? 67', 'DIEBOLD', 'Opteva 522', '1522FDC28577', 1),
(1426, 'SERVIBANCA', 'D1_QUINTA_PARDE', 'BOGOT?', '1426_Avda Esperanza No. 48-50', 'DIEBOLD', 'Opteva 522', '1522VDC07747', 2),
(1428, 'SERVIBANCA', 'MEGA_ MIO PLAZA', 'CARTAGENA', 'CARRETERA LA CORDIALIDAD, TRANSVERSAL 54, CERCA AL TERMINAL', 'IDIS', 'OPTEVA 522', 'SV1428', 1),
(1430, 'SERVIBANCA', 'LA_PRADERA', 'DOSQUEBRADAS', 'CALLE 21 # 16 - 87', 'WINCOR NIXDORF', 'PROCASH 280 N', '56HG705163', 2),
(1431, 'SERVIBANCA', 'SUPER_MEGA_CABRE', 'CARTAGENA', 'AVENIDA SANTANDER # 41-40', 'WINCOR NIXDORF', 'PROCASH 280 N', '56HG705007', 2),
(1433, 'SERVIBANCA', 'MULTIPLAZA', 'BOGOT?', '1433_Av Cll 68 Sur No. 47-10', 'DIEBOLD', 'Opteva 560', '1560RDC05298', 1),
(1435, 'SERVIBANCA', 'EL_PARQUE', 'VILLA DEL ROSARIO', '1435_Cra 8 No. 4-02 V_Rosario', 'IDIS', 'Opteva 522', 'SV1435', 1),
(1436, 'SERVIBANCA', 'HOTEL_GARDEN_INN', 'BOGOT?', 'CARRERA 82 # 25G 84', 'WINCOR NIXDORF', 'C280', '56HG705017', 1),
(1439, 'SERVIBANCA', 'OL_LAGOS', 'CALI', 'CLL 72 U #26 I -03 B LAGOS', 'IDIS', 'Opteva 522', '1522FGR03152', 2),
(1440, 'SERVIBANCA', 'PORTAL_PLAZA', 'CALI', '1440_ Calle 16 Cra. 69 Esquina', 'IDIS', 'Opteva 520', 'SV1439', 1),
(1443, 'SERVIBANCA', 'BCOOMV_IMBANAC2', 'CALI', 'CLL 5 #38A-05', 'IDIS', 'Opteva 522', 'SV1443', 1),
(1445, 'SERVIBANCA', 'PLAZA_BOMBONA', 'PASTO', '1445_Cll 14 No. 36-38', 'IDIS', 'S-22 E', 'SV1445', 2),
(1452, 'SERVIBANCA', 'CC_PUNTO_72', 'BOGOT?', 'CALLE 72 # 86-60 LOCAL 12', 'WINCOR NIXDORF', 'C280', '56HG705164', 2),
(1456, 'SERVIBANCA', 'CC_ARKACENTRO', 'IBAGU?', '1456_Cra 5 No. 62-64', 'DIEBOLD', 'Opteva 522', '1522FDC02328', 1),
(1458, 'SERVIBANCA', 'TERMIN_IBAGUE', 'IBAGU?', '1458_Cra 2 A No. 20-86', 'DIEBOLD', 'C280', '1522FDC02333', 1),
(1459, 'SERVIBANCA', 'CC_PSJE_CCIAL_RE', 'GIRARDOT', '1459_Cra 10 No. 14-73', 'DIEBOLD', 'Opteva 500', '1500F3303920', 1),
(1460, 'SERVIBANCA', 'CC_ARAZA', 'PASTO', '1460_Cll 16 No. 22 A-40', 'IDIS', 'S-22 E', 'SV1460', 2),
(1461, 'SERVIBANCA', 'OL_BAZURTO', 'CARTAGENA', 'AV PEDRO HEREDIA 26-104', 'DIEBOLD', 'C280', '1500F3302950', 1),
(1466, 'SERVIBANCA', 'VS_JURIS_TUNJA', 'TUNJA', '1466_Cll 20 No. 10-24', 'DIEBOLD', 'Opteva 522', '1522FDC02339', 2),
(1467, 'SERVIBANCA', 'OL_CUBA', 'PEREIRA', 'CLL 70 Bis #23 - 93', 'WINCOR NIXDORF', 'S-22 E', '56HG704394', 1),
(1468, 'SERVIBANCA', 'CC_BRISAS', 'BUENAVENTURA', '1468_Cll 2 No. 66-86 CC Brisas', 'WINCOR NIXDORF', 'C280', '56HG701284', 1),
(1469, 'SERVIBANCA', 'SUPERDIA_QINTAN', 'SOACHA', '1469_Cll 5 No. 6C-21', 'DIEBOLD', 'Opteva 500', '1500F3302427', 2),
(1472, 'SERVIBANCA', 'POBLADO_GIRON', 'GIR?N', '1472_Calle 43 No. 22-65', 'IDIS', '', 'SV1472', 1),
(1473, 'SERVIBANCA', 'HOTEL_CITY_MED', 'MEDELL?N', 'CALLE 4 SUR # 43A- 08', 'WINCOR NIXDORF', 'C280', '56HG705042', 2),
(1474, 'SERVIBANCA', '?XITO_IPIALES', 'IPIALES', 'CALLE 13 AVENIDA PANAMERICANA', 'DIEBOLD', 'Opteva 510', '1510FDC05950', 2),
(1475, 'SERVIBANCA', 'CC_LA_PLAZUELA', 'SANTA MARTA', '1475_Calle 23 No. 6-18', 'DIEBOLD', 'Opteva 522', '1522FDC28605', 2),
(1477, 'SERVIBANCA', 'MARRUECOS', 'BOGOT?', '1477_Cll 48 P Sur No. 5H-02', 'DIEBOLD', 'Opteva 522', '1522VDC07758', 2),
(1479, 'SERVIBANCA', 'OXXO_CIUDADELA', 'BUCARAMANGA', 'AVENIDA SAMANES # 9-11', 'DIEBOLD', 'Opteva 500', '1500F3303367', 2),
(1483, 'SERVIBANCA', 'PTO_MADERO_II', 'PIEDECUESTA', '1483_Cll 4 No. 13 A 19', 'IDIS', 'Opteva 522', 'SV1483', 2),
(1487, 'SERVIBANCA', 'TERPEL_DECEPAZ', 'CALI', '1487_Cra 23 No. 103-12', 'IDIS', 'Opteva 500', 'SV1487', 2),
(1490, 'SERVIBANCA', 'BOSA_CARBONELL', 'BOGOT?', 'TRANSVERSAL 78 B # 74 D - 08 SUR', 'DIEBOLD', 'Opteva 522', '1522FDC29310', 2),
(1491, 'SERVIBANCA', 'PARQUE_SNTDER_I', 'C?CUTA', '1491_Calle 14 No. 5-12', 'DIEBOLD', 'S-22 E', '1522FDC02305', 1),
(1492, 'SERVIBANCA', 'PARQUE_SNTDER_II', 'C?CUTA', 'Calle 14 No. 5-12', 'DIEBOLD', 'Opteva 521', '1522FDC02311', 1),
(1493, 'SERVIBANCA', 'LLANO_I', 'C?CUTA', '1493_Calle 11 No. 12-49', 'IDIS', 'S-22 E', 'SV1493', 1),
(1494, 'SERVIBANCA', 'LLANO_II', 'C?CUTA', '1494_Calle 11 No. 12-49', 'IDIS', 'Opteva 522', 'SV1494', 1),
(1495, 'SERVIBANCA', 'CARDIO_INFANTIL', 'BOGOT?', '1495_Cll 163 A No. 13B-60', 'DIEBOLD', 'Opteva 522', '1522FDC02314', 1),
(1497, 'SERVIBANCA', 'METRO_ALQUERIA', 'BOGOT?', 'Carrera 68 # 38-87 Sur', 'DIEBOLD', 'Opteva 500', '1500F3302420', 2),
(1507, 'SERVIBANCA', 'COLISEO_LIVE_BOG', 'BOGOT?', 'CALLE 80, KM 1.5, DESPU?S DEL PUENTE DE GUADUA', 'DIEBOLD', 'Opteva 510', '1510FDC05956', 2),
(1516, 'SERVIBANCA', 'SAO MALL PLAZA', 'MANIZALES', 'AVENIDA KEVIN ANGEL CALLE 56 Y 57', 'DIEBOLD', 'Opteva 522', '1522FDC28565', 2),
(1517, 'SERVIBANCA', 'BCOOMV_BCMEJA_1', 'BARRANCABERMEJA', 'CRA 16 #48-41', 'DIEBOLD', 'Opteva 522', 'SV1517', 2),
(1518, 'SERVIBANCA', 'BCOOMV_RIOHACHA', 'RIOHACHA', 'CRA 9 #2-18 ', 'DIEBOLD', 'Opteva 522', '1522FDC02321', 1),
(1520, 'SERVIBANCA', 'CAVIPETROL II', 'BARRANCABERMEJA', 'Calle 57 Nro. 24 75', 'WINCOR NIXDORF', 'Opteva 522', '56HG701912', 1),
(1521, 'SERVIBANCA', 'CA?AVERAL TULU?', 'TUL?A', 'CARRERA 21 # 28-02', 'WINCOR NIXDORF', 'C280', '56HG705061', 1),
(1524, 'SERVIBANCA', 'CC_PREMIER_CALI', 'CALI', '1524_Cll 5 No 69-03 Local 286', 'WINCOR NIXDORF', 'C280', '56HG701334', 3),
(1527, 'SERVIBANCA', 'EXITO_TURBO', 'TURBO', '1527_Cra 14 No 105-16', 'IDIS', 'S-22 E', 'SV1527', 1),
(1528, 'SERVIBANCA', 'BCOOMV_TUNJA', 'TUNJA', 'CLL 20 #12-84 LOC 126', 'WINCOR NIXDORF', 'Opteva 522', '56HG704482', 1),
(1535, 'SERVIBANCA', 'BCOOMV_COSMOCTR', 'CALI', 'CC COSM LOC 232 PISO 2', 'DIEBOLD', 'S-22 E', 'SV1535', 1),
(1536, 'SERVIBANCA', 'BCOOMV_CTR_BQ', 'BARRANQUILLA', 'CLL 39 #41-07', 'WINCOR NIXDORF', 'C280', '56HG701873', 1),
(1537, 'SERVIBANCA', 'BCOOMV_MANGA', 'CARTAGENA', 'AV JIMENEZ CLL 26 #18-69', 'IDIS', 'S-22 E', 'SV1537', 1),
(1538, 'SERVIBANCA', 'OL_SANTO_TOMAS', 'SANTO TOM?S', 'CLL 4 #6-02', 'IDIS', 'S-22', 'SV1538', 1),
(1543, 'SERVIBANCA', 'C.C._SURICENTRO', 'MONTER?A', '1543_Calle 31 No. 1-35', 'DIEBOLD', 'S-22', '1522VDC07756', 2),
(1545, 'SERVIBANCA', 'EXITO_APARTADO', 'APARTAD?', 'CARRERA 103 # 101-45', 'WINCOR NIXDORF', 'C280', '56HG705061', 1),
(1550, 'SERVIBANCA', 'MONTELIBANO_III', 'MONTEL?BANO', '1550_Calle 17 No. 5-09', 'DIEBOLD', 'Opteva 522', '1520VDC02793', 2),
(1554, 'SERVIBANCA', 'BELALCAZAR_II', 'YUMBO', '1554_Calle 6 No. 4-67', 'IDIS', '5867', 'SV1554', 2),
(1555, 'SERVIBANCA', 'MERCAMAR', 'BUENAVENTURA', '1555_Calle 2 No. 2A-35', 'IDIS', 'Opteva 520', 'SV1555', 1),
(1557, 'SERVIBANCA', 'TERMIN_POPAYAN', 'POPAY?N', '1557_Trv 9 No. 4N-125', 'DIEBOLD', 'Opteva 522', '1522FDC28592', 2),
(1558, 'SERVIBANCA', 'TERMIN_PASTO', 'PASTO', '1558_Cra 6 No. 16D-50 Sur', 'DIEBOLD', 'S-22 E', '1500F3302941', 2),
(1559, 'SERVIBANCA', 'SEBAST_BELALCAZ', 'PASTO', '1559_Cra 26 No. 19-68', 'IDIS', 'S-22 E', 'SV1559', 2),
(1561, 'SERVIBANCA', 'OL_KENNEDY_ORIE', 'SINCELEJO', 'CLL 21 #16-25', 'DIEBOLD', 'Opteva 500', '1500F3302945', 3),
(1562, 'SERVIBANCA', 'BARRANCA_I', 'BARRANCABERMEJA', '1562_Cra 28 No. 49-27', 'DIEBOLD', 'Opteva 522', 'SV1562', 1),
(1567, 'SERVIBANCA', 'OL_BARANOA', 'BARANOA', 'CARRERA 17 # 14 - 19', 'DIEBOLD', 'Opteva 500', '1500F3302946', 1),
(1568, 'SERVIBANCA', 'VIVENZA', 'CH?A', '1568_IntersecciOn Chia a Cota variante', 'DIEBOLD', 'Opteva 522', '1522VDC07750', 2),
(1572, 'SERVIBANCA', 'ALKOSTO_BMANGA', 'FLORIDABLANCA', 'VIA FLORIDA ? GIRO N KM 2.5', 'DIEBOLD', 'Opteva 510', '1510FDC04472', 1),
(1573, 'SERVIBANCA', 'CAVIPETRO_III', 'BARRANCABERMEJA', '1573_Calle 57 No. 24-71', 'DIEBOLD', 'Opteva 520', 'SV1572', 1),
(1575, 'SERVIBANCA', 'CC_PASEO_ D_ RIO', 'BOGOT?', 'CALLE 57 D SUR #78H-14 LOCAL? C1', 'DIEBOLD', 'Opteva 520', '1520VDC02782', 2),
(1580, 'SERVIBANCA', 'BCOOMV_LA_DRADA', 'LA DORADA', 'CRA 3 #1 3- 50', 'DIEBOLD', '5867', '1522FDC02299', 1),
(1588, 'SERVIBANCA', 'C.C_POTOSSI', 'LA CALERA', '1588_KM. 20 VIA LA CALERA', 'DIEBOLD', 'Opteva 510', '1510FDC05950', 2),
(1715, 'SERVIBANCA', 'AGR_CAQUEZA', 'CAQUEZA', 'CARRERA 5 # 2 - 18', 'IDIS', 'Opteva 562', 'SV1715', 3),
(1811, 'SERVIBANCA', 'PASAPORT_C_100', 'BOGOT?', '1811_Avda Cra 19 No 98-03', 'DIEBOLD', 'Opteva 510', '1510FDC05948', 3),
(1812, 'SERVIBANCA', 'PASAPORT_CHAPI', 'BOGOT?', '1812_ Calle 53 No.10-60', 'DIEBOLD', 'Opteva 510', '1510FDC05942', 3),
(1814, 'SERVIBANCA', 'UNIV_SERGIO_II', 'BOGOT?', '1814_Calle 74 No. 14-66', 'DIEBOLD', 'Opteva 522', '1522FDC02324', 2),
(1815, 'SERVIBANCA', 'DROGRIA_PRIS_II', 'CI?NAGA DE ORO', '1815_Calle 6 No. 16-74', 'DIEBOLD', 'Opteva 522', '1522FDC02323', 1),
(1816, 'SERVIBANCA', 'UNIV_LIBRE_CALI', 'CALI', 'CARRERA 109 CON CALLE 24 ESQUINA', 'WINCOR NIXDORF', 'C280', '56HG705058', 2),
(1818, 'SERVIBANCA', 'OL_LA_VIRGINIA', 'LA VIRGINIA', 'CLL 8 #6 - 35', 'DIEBOLD', 'Opteva 522', '1522FDC29032', 1),
(1819, 'SERVIBANCA', 'DROGRIA_PARIS_3', 'CI?NAGA DE ORO', '1819_Cll 6 No. 16-74', 'DIEBOLD', 'S-22 E', '1522FDC02332', 1),
(1821, 'SERVIBANCA', 'ESSO_GUATIQUIA', 'VILLAVICENCIO', '1821_Calle 44 No. 32-18', 'IDIS', 'C280', 'SV1821', 2),
(1825, 'SERVIBANCA', 'LA_PROVEEDORA', 'MEDELL?N', '1825_CR 39 66-20', 'IDIS', 'S-22 E', 'SV1825', 1),
(1826, 'SERVIBANCA', 'EDIFICIO_7_24', 'BOGOT?', 'CARRERA 7 #24-89', 'WINCOR NIXDORF', 'C280', '56HG801599', 2),
(1829, 'SERVIBANCA', 'S_CANAVERAL', 'PALMIRA', '1829_Cra 32 No 20-27', 'IDIS', 'S-22 E', 'SV1829', 2),
(1833, 'SERVIBANCA', 'MPRECIOS_SAHAGU', 'SAHAG?N', '1833_Cra 11 No. 13-73', 'DIEBOLD', 'Opteva 522', '1522FDC02329', 1),
(1836, 'SERVIBANCA', 'DROGRIA_PARIS_I', 'SAHAGUN', '1836_Cll 17 No. 5-93 Centenario', 'DIEBOLD', 'S-22 E', 'SV1836', 1),
(1837, 'SERVIBANCA', 'RAPIMER_TERMINA', 'SANTA MARTA', '1837_Calle 32 B No 29-25', 'IDIS', 'S-22 E', 'SV1837', 1),
(1838, 'SERVIBANCA', 'CORPORATE_CENTER', 'BOGOT?', 'AVENIDA CALLE 26 # 69 BL-07', 'DIEBOLD', 'Opteva 522', '1522FDC29293', 1),
(1840, 'SERVIBANCA', 'YOMASA_II', 'BOGOT?', '1840_Cra 1 Este No 81A-26 Sur', 'DIEBOLD', 'Opteva 512', '1512RDC02456', 1),
(1846, 'SERVIBANCA', 'ALKOS_IPIALES', 'IPIALES', '1846_Cra 5 No 8-26', 'IDIS', 'S-22 E', 'SV1846', 2),
(1847, 'SERVIBANCA', 'MAICAO', 'MAICAO', '1847_Cra 15 No 16-25', 'IDIS', 'S-22 E', 'SV1847', 2),
(1855, 'SERVIBANCA', 'MORROA', 'MORROA', '1855_Cra 6 No 8-11', 'IDIS', 'S-22 E', 'SV1855', 1),
(1858, 'SERVIBANCA', 'ITAU_CARVAJAL_YU', 'YUMBO', '1930_Calle 15 No 32-231 Acopi Yumbo', 'DIEBOLD', 'S-22 E', 'SV1858', 2),
(1859, 'SERVIBANCA', 'OL_CERETE', 'CERET?', 'CLL 12 #14-78', 'DIEBOLD', 'Opteva 522', '1522FDC02312', 3),
(1860, 'SERVIBANCA', 'MINPRECIOS_SINC', 'SINCELEJO', '1860_Calle 22 No 20-68', 'IDIS', 'C280', 'SV1860', 1),
(1861, 'SERVIBANCA', 'VS_JURIS_YOPAL II', 'YOPAL', 'CARRERA 14 # 13-60', 'WINCOR NIXDORF', 'C280', '56HG705058', 2),
(1862, 'SERVIBANCA', 'SANTIAGO_PLAZA', 'CALI', '1862_Cra 15 No 50-29', 'DIEBOLD', 'S-22 E', '1522FDC02303', 1),
(1863, 'SERVIBANCA', 'CC_SURICETRO_II', 'MONTER?A', '1863_Calle 31 No 1-35', 'DIEBOLD', 'Opteva 522', '1522VDC07754', 2),
(1864, 'SERVIBANCA', 'CPS_CLINIC-COBOS', 'BOGOT?', 'AVENIDA CARRERA 9 # 131A-40', 'WINCOR NIXDORF', 'C280', '56HG705059', 1),
(1871, 'SERVIBANCA', 'SAN_JUDAS_I', 'TUMACO', '1871_Av Los Estudiantes', 'DIEBOLD', 'Opteva 522', '1522VDC08928', 1),
(1873, 'SERVIBANCA', 'SEGUR_DEL_SUR_I', 'TUMACO', '1873_Calle Mosquera con 7 Agosto esquina', 'DIEBOLD', 'S-22 E', '1522FDC29040', 1),
(1874, 'SERVIBANCA', 'SEGUR_DE_SUR_II', 'TUMACO', '1873_Calle Mosquera con 7 Agosto esquina', 'DIEBOLD', 'Opteva 522', '1522FDC29041', 1),
(1876, 'SERVIBANCA', 'EDS_AMERICAS', 'PEREIRA', '1876_Avda Las AmEricas Calle 46', 'IDIS', '5867', 'SV1876', 1),
(1878, 'SERVIBANCA', 'TERMIN_MLLIN_3', 'MEDELL?N', '4792_Kra 64 C No 37 B 344', 'WINCOR NIXDORF', 'C280', '56HG701353', 1),
(1879, 'SERVIBANCA', 'BCOOMV_CUCUTA', 'C?CUTA', 'CLL 13 #0-42 ', 'IDIS', 'Opteva 522', 'SV1879', 2),
(1881, 'SERVIBANCA', 'BCOOMV_ONCMEDIC', 'MONTERIA', 'CRA 6 #72-34', 'IDIS', 'C280', 'SV1881', 2),
(1882, 'SERVIBANCA', 'BELLA_VISTA', 'POPAY?N', '1882_Cra 9B No 62N-40', 'IDIS', 'S-22 E', '1522VDC00568', 2),
(1884, 'SERVIBANCA', 'BCOOMV_SDE_NORT', 'BARRANQUILLA', 'CRA 49 C #84-21 ESQ', 'IDIS', 'S-22', 'SV1884', 1),
(1892, 'SERVIBANCA', 'CC_SAN_FERNANDO', 'CARTAGENA', '1892_calle 31 No. 83B-104', 'DIEBOLD', 'S-22 E', '1520VDC02789', 1),
(1893, 'SERVIBANCA', 'COLSUB_UBATE', 'BOGOT?', '1893_Cra 68 B No. 40A-30', 'DIEBOLD', 'Opteva 522', '1522FDC28531', 2),
(1896, 'SERVIBANCA', 'OL_SAO?_QUIBDO', 'QUIBD?', 'CALLE 30, AVENIDA AEROPUERTO', 'IDIS', 'NCR S22 CF', '94-46028941', 2),
(1905, 'SERVIBANCA', 'PARQUE_CALDAS', 'MANIZALES', '1905_Cra 21 No 29-30', 'DIEBOLD', 'C280', '1522FDC28589', 2),
(1909, 'SERVIBANCA', 'CC_UNICO_VILLAO', 'VILLAVICENCIO', '1909_Cra 22 No. 8C-67', 'IDIS', 'Opteva 520', 'SV1909', 1),
(1910, 'SERVIBANCA', 'VS_JURIS_V_DUPAR', 'VALLEDUPAR', '1910_Calle 16 A No 12-94', 'IDIS', 'S-22 E', 'SV1910', 1),
(1911, 'SERVIBANCA', 'EL_CARMEN', 'FLORIDABLANCA', '1911_Av 60 No 134-62 Local 2', 'IDIS', 'Opteva 522', 'SV1910', 1),
(1912, 'SERVIBANCA', 'RAPIMER_STA_MAR', 'SANTA MARTA', '1912_Calle 12 No 8-100', 'WINCOR NIXDORF', 'Opteva 562', '56HG701308', 2),
(1916, 'SERVIBANCA', 'BAHIA_TUNAL', 'BOGOT?', '1916_Cll 48 Sur No. 25-06 L-9', 'DIEBOLD', 'Opteva 522', '1522VDC07766', 1),
(1919, 'SERVIBANCA', 'GNB_SC_20_JULIO', 'BOGOT?', '1919_Cra. 5 No. 39 D Sur Esquina', 'WINCOR NIXDORF', 'C280', '56HG704390', 2),
(1921, 'SERVIBANCA', 'AUTOSERV_LUBER', 'BOGOT?', '1921_Carrera 1 B No. 41-61 Sur - San MartIn (Cerca del barri', 'WINCOR NIXDORF', 'C280', '56HG701332', 2),
(1922, 'SERVIBANCA', 'METRO_S_BOLIVA', 'CALI', 'Diagonal 65 # 25-50', 'WINCOR NIXDORF', 'C280', '56HG701334', 3),
(1923, 'SERVIBANCA', 'CCAFAM_ALTAVIST', 'BOGOT?', '1923_Cra 1 No 65D-58 Sur', 'WINCOR NIXDORF', 'C280', '56HG701327', 2),
(1929, 'SERVIBANCA', 'TUQUERRES', 'T?QUERRES', '1929 Cra 14 # 10 - 15', 'IDIS', 'C280', 'SV1929', 2),
(1931, 'SERVIBANCA', 'HACIENDA_IPIALE', 'IPIALES', '1931_Calle 13 No 7 - 142', 'DIEBOLD', 'C280', '1522VDC07770', 1),
(1932, 'SERVIBANCA', 'CENTRO_IPIALES', 'IPIALES', '1932_Cra 5 # 9 - 28', 'DIEBOLD', 'Opteva 522', '1522VDC08912', 2),
(1935, 'SERVIBANCA', 'LA_14_TULUA', 'TUL?A', '1935_Cra 40 No 37-51', 'IDIS', 'Opteva 522', 'SV1935', 2),
(1936, 'SERVIBANCA', 'OL_FUNDACION', 'FUNDACI?N', 'CLL 6a #8A-16', 'WINCOR NIXDORF', 'C280', '56HG701350', 2),
(1937, 'SERVIBANCA', 'MONTEOLI_FLORIDA', 'FLORIDABLANCA', 'CARRERA 8A # 12 - 99', 'WINCOR NIXDORF', 'C280', '56HG705064', 1),
(1938, 'SERVIBANCA', 'ALKOST_CENTRO', 'PASTO', 'Calle 19 # 28-89', 'WINCOR NIXDORF', 'C280', '56HG705063', 2),
(1940, 'SERVIBANCA', 'AUTOSER_DECEPAZ', 'CALI', '1940_Cra 27 # 121-19', 'WINCOR NIXDORF', 'C280', '56HG701355', 2),
(1941, 'SERVIBANCA', 'MOTOCONTROL', 'SOLEDAD', '1941_Calle 18 No 18A-14', 'WINCOR NIXDORF', 'Opteva 562', '56HG701289', 2),
(1943, 'SERVIBANCA', 'C.C._OASIS', 'GIRARDOT', '1943_Cra 10 No 19-87', 'WINCOR NIXDORF', 'S-22 E', '56HG704978', 2),
(1944, 'SERVIBANCA', 'BOCHALEMA', 'CH?A', '1944_Avda Pradilla No 900 E', 'WINCOR NIXDORF', 'C280', '56HG704988', 3),
(1947, 'SERVIBANCA', 'C.C_MONSERRATE', 'BOGOT?', '1947_Avda 19 No 5-93', 'WINCOR NIXDORF', 'C280', '56HG704389', 2),
(1950, 'SERVIBANCA', 'HOTEL_DAN_CARTO', 'BOGOT?', '1950_Calle 94 No 19-71', 'DIEBOLD', 'Opteva 562', '1562R3300888', 3),
(1952, 'SERVIBANCA', 'LIJACA', 'BOGOT?', '1952_Cll 189 No 8-05', 'DIEBOLD', 'Opteva 522', '1522VDC07995', 1),
(1957, 'SERVIBANCA', 'MESA_DE_SANTOS', 'LOS SANTOS - SANTANDER', '1957_Km 6 Carretera Ppal Via Los Santos', 'IDIS', 'Opteva 522', 'SV1957', 1),
(1958, 'SERVIBANCA', 'CASTILLA_MLLIN', 'MEDELL?N', '1958_Cra 68 No 96-68', 'IDIS', 'Opteva 522', 'SV1958', 1),
(1959, 'SERVIBANCA', 'UNICO_YUMBO', 'YUMBO', '1959_Calle 15 No 5-100', 'IDIS', 'Opteva 522', 'SV1959', 1),
(1960, 'SERVIBANCA', 'CRESPO_CLL_70', 'CARTAGENA', '1960_Calle 70 No 1D-79 Local 2', 'IDIS', 'Opteva 522', 'SV1960', 1),
(1970, 'SERVIBANCA', 'TEXACO_PORFIA', 'VILLAVICENCIO', '1970_Cra 43 Km 7 Vias Acacias', 'IDIS', 'S-22 E', 'SV1970', 1),
(1974, 'SERVIBANCA', 'RAPIMERCAR_RODA', 'SANTA MARTA', '1974_Cra 4 No 19-60', 'WINCOR NIXDORF', 'S-22 E', '56HG704987', 2),
(1975, 'SERVIBANCA', 'GUADUAS', 'GUADUAS', '1975_Cra 4 No 4-15', 'IDIS', 'Opteva 522', 'SV1975', 1),
(1978, 'SERVIBANCA', 'OL_COROZAL', 'COROZAL', 'CRA 26 #30-75', 'WINCOR NIXDORF', 'S-22 E', '56HG704463', 1),
(1979, 'SERVIBANCA', 'HOME_C_SUBA', 'BOGOT?', '2867_Calle 148 No 104-20', 'WINCOR NIXDORF', 'C280', '56HG704417', 3),
(1981, 'SERVIBANCA', 'SABANAGRANDE', 'SABANAGRANDE (ATL?NTICO)', '1981_Cra 1 A No 6-145', 'IDIS', 'Opteva 522', 'SV1980', 2),
(1985, 'SERVIBANCA', 'OL_MONTENEGRO', 'MONTENEGRO', 'CRA 6 #17 - 30', 'DIEBOLD', 'S-22', '1522FDC29030', 2),
(1986, 'SERVIBANCA', 'MULTIPLAZA_II', 'BOGOT?', '1986_Avnda Calle 68 Sur No 47-10', 'DIEBOLD', 'Opteva 522', '1522VDC07742', 1),
(2000, 'SERVIBANCA', 'LA_DORADA', 'LA DORADA', '2000_Cra 4 y 5 Entre Calle 15 y 16 Local 103_5', 'IDIS', 'Opteva 522', 'SV2000', 1),
(2005, 'SERVIBANCA', 'OL_SABANALARGA', 'SABANALARGA (ATL?NTICO)', 'CLL 22 #18-35', 'WINCOR NIXDORF', 'Opteva 522', '56HG704986', 2),
(2006, 'SERVIBANCA', 'OL_LOS_OLIVOS', 'BARRANQUILLA', 'CRA 27 #106-14', 'DIEBOLD', 'Opteva 520', '1520VDC02826', 3),
(2009, 'SERVIBANCA', 'COLSUB_UBATE', 'UBAT?', '2009_Cra 6 No 4-70', 'WINCOR NIXDORF', 'C280', '56HG704989', 2),
(2012, 'SERVIBANCA', 'CC_POBLADO_PLAZA', 'SANTO TOM?S', 'CALLE 15 #11C-75', 'DIEBOLD', 'Opteva 500', '1500F3302392', 2),
(2014, 'SERVIBANCA', 'TUNAL', 'BOGOT?', '2014_Calle 55 Sur No 24 C - 85', 'DIEBOLD', 'Opteva 522', '1522VDC07746', 2),
(2016, 'SERVIBANCA', 'OL_MANZANARES', 'SANTA MARTA', 'CLL 30 #6? - 97 ', 'DIEBOLD', 'Opteva 520', '1520VDC02837', 3),
(2023, 'SERVIBANCA', 'CPS_COL_SAN_CARLOS', 'BOGOT?', 'CARRERA 13 G # 32 B 41 SUR', 'WINCOR NIXDORF', 'C280', '56HG705051', 2),
(2026, 'SERVIBANCA', 'LA_14_PANCE', 'CALI', '2026_Calle 16A No. 121a-334', 'DIEBOLD', 'S-22 E', '1522FDC28615', 1),
(2029, 'SERVIBANCA', 'CIUDAD_ROMA', 'BOGOT?', '2029_Calle 53 Sur No. 79c-06 Local 7', 'DIEBOLD', 'Opteva 562', '1562R3300867', 2),
(2030, 'SERVIBANCA', 'GNBC_C_JARDIN', 'CALI', '2030_Av.C.Gordas Casa.15', 'DIEBOLD', 'Opteva 720', '1720F3308029', 2),
(2039, 'SERVIBANCA', 'LA_14_LIMONAR', 'CALI', 'Cll. 5 No. 70-195', 'DIEBOLD', 'S-22 E', '1522VDC01836', 2),
(2042, 'SERVIBANCA', 'SOLEDAD_2000', 'SOLEDAD', '2042_Calle 45 No.13B-18', 'DIEBOLD', 'Opteva 522', '1520VDC02852', 1),
(2046, 'SERVIBANCA', 'OL_LAS_MORAS', 'SOLEDAD', 'CALLE 45 # 16 A SUR 40', 'DIEBOLD', 'Opteva 510', '1510FDC05951', 2),
(2062, 'SERVIBANCA', 'LA_MESA', 'LA MESA', '2062_Calle 4A No 24-98', 'IDIS', 'S-22 E', 'SV2062', 1),
(2071, 'SERVIBANCA', 'CPS_EJECUTIVOS', 'CARTAGENA', '2071_C.C Supercentro los Ejecutivos', 'IDIS', 'Opteva 562', 'SV2070', 1),
(2072, 'SERVIBANCA', 'CPS_LA_PLAZUELA', 'CARTAGENA', '2072_Diag 31 No 71-130', 'IDIS', 'S-22 E', 'SV2072', 1),
(2075, 'SERVIBANCA', 'ACACIAS', 'ACACIAS', '2075_Calle 19 No 29B-34', 'IDIS', 'Opteva 522', 'SV2075', 1),
(2086, 'SERVIBANCA', 'CASTILLA_1', 'BOGOT?', '2086_DIAG. 9 No 72-17', 'DIEBOLD', 'Opteva 522', '1522VDC07767', 2),
(2087, 'SERVIBANCA', 'JAMUNDI', 'JAMUND?', '1087_Cra 11 No 10-35', 'IDIS', '', 'SV2087', 1),
(2091, 'SERVIBANCA', 'SAUZALITO_2', 'BOGOT?', '2091_Cra.69 No.40A-11 L17', 'DIEBOLD', 'Opteva 562', '1562R3302051', 1),
(2106, 'SERVIBANCA', 'CONSUMO PEDREGAL', 'MEDELL?N', 'CARRERA 74 # 104-4', 'DIEBOLD', 'Opteva 520', '1520VDC03096', 2),
(2112, 'SERVIBANCA', 'COLSUB_PALATINO', 'BOGOT?', 'CARRERA 7 # 138 - 33 LOCAL 1-24', 'WINCOR NIXDORF', 'C280', '56HG701305', 2),
(2118, 'SERVIBANCA', 'CC_BUENAVISTA', 'BARRANQUILLA', 'CARRERA 55 #? 98 A -15', 'WINCOR NIXDORF', 'C280', '56HG704450', 1),
(2119, 'SERVIBANCA', 'CLI_STA_MONICA', 'BOGOT?', 'CARRERA 50 # 91-38', 'DIEBOLD', 'Opteva 510', '1510FDC04452', 2),
(2127, 'SERVIBANCA', 'VIS_COPRU_UDEA', 'MEDELL?N', 'CALLE 67 # 53 - 108, BLOQUE 22 PISO 1', 'DIEBOLD', 'Opteva 522', '1522VDC07595', 2),
(2128, 'SERVIBANCA', 'VIS_COPRU_UDEA', 'MEDELL?N', 'CALLE 67 # 53 - 108, BLOQUE 22 PISO 1', 'DIEBOLD', 'Opteva 522', '1522VDC07603', 2),
(2129, 'SERVIBANCA', 'CORREGM_CTO', 'BARRANCABERMEJA', '2129_Corregimiento Centro', 'IDIS', 'S-22 E', 'SV2129', 1),
(2132, 'SERVIBANCA', 'VIS_COPRU_ROBLED', 'MEDELL?N', 'CARRERA 75 # 65-87 BLOQUE 41', 'DIEBOLD', 'Opteva 510', '1510FDC04459', 2),
(2140, 'SERVIBANCA', 'OL_JARDIN_PLAZA', 'C?CUTA', 'CC JARDIN PLAZA LOCAL A1 ? ANILLO VIAL ORIENTAL # 13 ? 70', 'DIEBOLD', 'Opteva 510', '1510FDC04456', 2),
(2141, 'SERVIBANCA', 'CC_SERREZUELA', 'CARTAGENA', 'CARRERA 11 # 39-21', 'DIEBOLD', 'Opteva 510', '1510FDC04475', 2),
(2147, 'SERVIBANCA', 'TORRES_CALEDONIA', 'BUCARAMANGA', 'TRANS. CENTRAL METROPOLITANA #103 A 04 L. 6 B. 1', 'DIEBOLD', 'Opteva 522', '1522FDC02317', 2),
(2159, 'SERVIBANCA', 'AUT_FLORIDABLAN', 'FLORIDABLANCA', '2159_Aut Florida No 144-158 Local E', 'IDIS', 'Opteva 522', 'SV2159', 1),
(2164, 'SERVIBANCA', 'CLINICA_CAFAM_FL', 'BOGOT?', 'CARRERA 68 # 90-88', 'DIEBOLD', 'Opteva 500', '1500F3303378', 2),
(2166, 'SERVIBANCA', 'GRAND_BOULEVARD', 'BUCARAMANGA', 'CARRERA 20 # 16 ? 28 TORRE 2 ETAPA II LOCAL 16', 'DIEBOLD', 'Opteva 562', '1562R3300873', 1),
(2171, 'SERVIBANCA', 'HSPITAL_S_CARLO', 'BOGOT?', '2171_Cra 13 No 32-44 Sur', 'DIEBOLD', 'Opteva 520', '1520V3300532', 1),
(2174, 'SERVIBANCA', 'TT_ANTONIO_PRADO', 'MEDELL?N', 'CALLE? 42 SUR # 79-04', 'WINCOR NIXDORF', 'C280', '56HG704434', 2),
(2175, 'SERVIBANCA', 'EDS_CAUJARAL', 'BARRANQUILLA', '2175_Cra 28 No 8-80 Via Pto Colombia', 'DIEBOLD', 'Opteva 510', '1522VDC07780', 2),
(2191, 'SERVIBANCA', 'OL_PALMAR_VARELA', 'PALMAR DE VARELA', 'CALLE 11 # 6-35', 'DIEBOLD', 'Opteva 522', '1522FDC28570', 2),
(2195, 'SERVIBANCA', 'OXXO_AGUAS', 'BOGOT?', 'CRA 3 N. 18-19', 'WINCOR NIXDORF', 'C280', '56HG701310', 2),
(2199, 'SERVIBANCA', 'BCOOMV_OASIS', 'CALI', 'CRA 100 #5-169 LOC 4140', 'WINCOR NIXDORF', 'C280', '56HG705135?', 1),
(2202, 'SERVIBANCA', 'BCOOMV_EL_CABLE', 'MANIZALES', 'CALLE 65 # 23 C-35 PISO1', 'DIEBOLD', 'S-22 E', '1500V3300027', 1),
(2203, 'SERVIBANCA', 'BCOOMV_BUCAMANG', 'BUCARAMANGA', 'CLL 54 #31-154 ', 'DIEBOLD', 'S-22 E', '1522VDC08920', 1),
(2204, 'SERVIBANCA', 'BCOOMV_BUGA', 'BUGA', 'CRA 14 #5-15', 'DIEBOLD', 'Opteva 522', '1562R3300911', 2),
(2207, 'SERVIBANCA', 'BCOOMV_ENVIGADO', 'ENVIGADO', 'CLL 33B SUR #47 - 71', 'EUDOX', 'Opteva 522', 'BB2207', 1),
(2208, 'SERVIBANCA', 'GNB_CASTILLO', 'BOGOT?', '2208_CR 7 72-74 L.4', 'DIEBOLD', 'Opteva 500', '1500V3300018', 3),
(2212, 'SERVIBANCA', 'TERM_CANAVERALE', 'CALI', '2212_Calle 5 Cra 50', 'DIEBOLD', 'Opteva 510', '1522FDC29308', 1),
(2213, 'SERVIBANCA', 'TERM_S_ANDRES_S', 'CALI', '2213_Cra 25 No 73A-74', 'DIEBOLD', 'S-22 E', '1522FDC29308', 1),
(2214, 'SERVIBANCA', 'CPS_LAGO_SOL', 'MELGAR', '2214_Km 107 Via Melgar-Girardot', 'DIEBOLD', '5867', 'SV2214', 1),
(2216, 'SERVIBANCA', 'TERM_MENGA', 'CALI', '2216_calle 70 Avda 2', 'DIEBOLD', 'Opteva 522', 'SV2216', 1),
(2218, 'SERVIBANCA', 'VS_COLANT_ITAGUI', 'ITAG??', '2218_Cra 42? No. 50-227 Aut Sur', 'DIEBOLD', 'Opteva 562', '1522VDC07797', 2),
(2220, 'SERVIBANCA', 'BCOOMV_VALLED_2', 'VALLEDUPAR', 'CLL 12 #17-11', 'IDIS', 'S-22', 'SV2220', 1),
(2221, 'SERVIBANCA', 'BCOOMV_TULUA', 'TUL?A', 'CARERRA 27 CLL 46 ESQ ', 'WINCOR NIXDORF', 'S-22 E', '56HG704973', 1),
(2230, 'SERVIBANCA', 'BCOOMV_NTE_CALI', 'CALI', 'AVENIDA 5 A NORTE # 23 DN - 30 A, LOCAL 186 - PASARELA FRENT', 'WINCOR NIXDORF', 'S-22 E', '56HG701908', 1),
(2233, 'SERVIBANCA', 'BCOOMV_LA_33', 'MEDELL?N', 'CLL 33 #74A-69', 'DIEBOLD', 'S-22 E', '1500V3300028', 1),
(2239, 'SERVIBANCA', 'BCOOMV_SOGAMOSO', 'SOGAMOSO', 'CRA 12 #10-54', 'WINCOR NIXDORF', 'C280', '56HG701909', 1),
(2241, 'SERVIBANCA', 'FUNDACION_CENTRO', 'FUNDACI?N', 'Calle 6 No. 7A-47', 'DIEBOLD', 'Opteva 562', '1562R3300863', 2),
(2242, 'SERVIBANCA', 'C.C_ARKADIA', 'MEDELL?N', 'Carrera 70No. 1-141? local?? c3 -01', 'DIEBOLD', 'Opteva 522', '1522FDC29351', 2),
(2248, 'SERVIBANCA', 'CIUDADELA_METRO', 'SOLEDAD', '2248_Calle 54 No 11a-16 Soledad', 'WINCOR NIXDORF', 'Opteva 522', '56HG704499', 1),
(2253, 'SERVIBANCA', 'TERMIN_PEREIRA', 'PEREIRA', '2253_CLL 17 23-157', 'DIEBOLD', 'Opteva 522', '1522FDC28621', 3),
(2255, 'SERVIBANCA', 'HOTEL_RADISON_C', 'CARTAGENA', '2255_Cra 9 No 22-850 H.Pavillon', 'DIEBOLD', 'Opteva 522', '1522FDC29343', 3),
(2256, 'SERVIBANCA', 'ALKOS_CALI', 'CALI', '2256_Calle 13 No 80-170', 'IDIS', 'Opteva 522', 'SV2256', 1),
(2257, 'SERVIBANCA', 'OL_CANAST_TULUA', 'TUL?A', 'CLL 25 #17-05', 'IDIS', '5867', 'SV2257', 2),
(2260, 'SERVIBANCA', 'C.C._ZAZUE', 'SANTA MARTA', '2260_Centro Comercial Zazue', 'DIEBOLD', 'Opteva 510', '1522FDC29342', 1),
(2261, 'SERVIBANCA', 'EXITO_USME', 'BOGOT?', '2261_DG 65D 1D-07 Este', 'DIEBOLD', 'Opteva 500', '1500F3302947', 3),
(2263, 'SERVIBANCA', 'SUPERMARDEN', 'PALMIRA', '2263_CR 1 TRV 32', 'IDIS', 'S-22 E', 'SV2263', 2),
(2266, 'SERVIBANCA', 'EXITO_MATEO_CUCUTA', 'C?CUTA', 'AVENIDA DEMETRIO MENDOZA CON DIAGONAL SANTANDER', 'DIEBOLD', 'Opteva 562', '1522FDC28563', 1),
(2278, 'SERVIBANCA', 'SAN_FRANCIS_BTA', 'BOGOT?', '2278_Cra 19 G No 66-67 Sur', 'DIEBOLD', 'Opteva 522', '1522VDC02665', 1),
(2281, 'SERVIBANCA', 'OXXO_ESTADIO', 'BUCARAMANGA', 'Calle 13A No. 29-34', 'DIEBOLD', 'Opteva 522', '1522VDC01629', 2),
(2287, 'SERVIBANCA', 'BOSA_ESPERANZA', 'BOGOT?', '2287_Cra 79 A No 78-55 Sur', 'DIEBOLD', 'Opteva 522', '1522FDC29340', 1),
(2291, 'SERVIBANCA', 'COMFAN_MORICHAL', 'CALI', '2291_AV C.CALI 42B-21', 'DIEBOLD', 'Opteva 522', '1522FDC28581', 1),
(2305, 'SERVIBANCA', 'ED_CEDESARROLLO', 'CARTAGENA', 'DIAGONAL 30 # 50-187', 'DIEBOLD', 'Opteva 562', '1562R3301000', 1),
(2311, 'SERVIBANCA', 'BOSA_DESPENSA', 'BOGOT?', 'CALLE 53 # 12-63 SUR', 'WINCOR NIXDORF', 'C280', '56HG705223', 1),
(2321, 'SERVIBANCA', 'EXITO_EXP_AUROR', 'BUCARAMANGA', 'CARRERA 31 # 32 - 29', 'DIEBOLD', 'Opteva 522', '1510FDC04477', 2),
(2322, 'SERVIBANCA', 'GYF_COSMOCENTRO', 'CALI', 'CALLE 5 # 50-13 C.CIAL? COSMOCENTRO L-234 P-2', 'WINCOR NIXDORF', 'C280', '56HG705174', 2),
(2326, 'SERVIBANCA', 'TERPEL_CANEY', 'CALI', '2326_Calle 25 No 83-51', 'DIEBOLD', 'S-22 E', '1522VDC07755', 1),
(2334, 'SERVIBANCA', 'BCOOMV_PALMREAL', 'PALMIRA', 'CRA 28 #44 - 35 ', 'IDIS', '', 'SV2334', 2),
(2338, 'SERVIBANCA', 'BCOOMV_CTR_VIDA', 'CALI', 'CLL 5D #38 A-35 LOC 111-113', 'IDIS', '', 'SV2338', 1),
(2341, 'SERVIBANCA', 'ALAMEDA_REAL', 'BUCARAMANGA', '2341_Calle 55 No 17A-36', 'IDIS', 'S-22 E', 'SV2341', 1),
(2343, 'SERVIBANCA', 'METRO_EX_COTRY', 'BOGOT?', 'Calle 85 # 20-32', 'WINCOR NIXDORF', 'C280', '56HG701326', 2),
(2352, 'SERVIBANCA', 'VS_COLANT_PUNTOM', 'MEDELL?N', '2359_Cra 64 C No 72-160 Barrio Caribe', 'DIEBOLD', 'S-22 E', '1562R3300844', 2),
(2353, 'SERVIBANCA', 'EASY_CENT_MAYOR', 'BOGOT?', '2353_Cra 32 #38a Sur - Primer Piso', 'WINCOR NIXDORF', 'C280', '56HG704462', 3),
(2354, 'SERVIBANCA', 'SURTIMAX_S_JORG', 'BOGOT?', '2354_Cra 27 No. 38A-61 Sur', 'WINCOR NIXDORF', 'C280', '56HG704392', 2),
(2357, 'SERVIBANCA', 'COLINA-I', 'BOGOT?', '2357_Calle 138 No 55-33', 'DIEBOLD', 'Opteva 562', '1562R3300920', 1),
(2367, 'SERVIBANCA', 'HOTEL_CORALES', 'CARTAGENA', '2367_Avda. Santander Hotel Corales de India', 'WINCOR NIXDORF', 'S-22 E', '56HG704990', 1),
(2369, 'SERVIBANCA', 'CCAFAM_VELODROM', 'BOGOT?', '2369_Cra 6 No. 17-06 Sur', 'DIEBOLD', 'Opteva 562', '1562R3300984', 2),
(2372, 'SERVIBANCA', 'FINANDINA_CHIA', 'CH?A', '2372_Km 17 VIa BogotA-Chia', 'DIEBOLD', 'Opteva 520', '1520VDC02832', 2),
(2374, 'SERVIBANCA', 'MERCAR_EL_CANEY', 'CALI', '2374_Calle 48 No. 85-54', 'DIEBOLD', 'Opteva 522', '1562R3300853', 1),
(2375, 'SERVIBANCA', 'C.C_SEXTA_AV', 'CAJIC?', '2375_Cra. 6 No. 5-19', 'DIEBOLD', 'Opteva 562', '1562R3300844', 2),
(2380, 'SERVIBANCA', 'OXXO_LAGO_GAITA', 'BOGOT?', '2380_Calle 80 No. 14-08', 'DIEBOLD', 'Opteva 520', '1520V3300523', 2),
(2389, 'SERVIBANCA', 'CARU_PENALISA', 'GIRARDOT', '2389_ MUN.? RICAURTE, ESQUINA VIA AGUA DE DIOS', 'IDIS', 'Opteva 520', 'SV2389', 1),
(2390, 'SERVIBANCA', 'C.C_VIVA_VILLAO', 'VILLAVICENCIO', '2390_CALLE 7 N? 45 - 185 LA ESPERANZA', 'IDIS', 'Opteva 520', 'SV2390', 1),
(2391, 'SERVIBANCA', 'QUINTAS_D_LLANO', 'GIR?N', '2391_CRA 29 No. 35-25 local 2', 'IDIS', 'Opteva 520', 'SV2391', 1),
(2392, 'SERVIBANCA', 'SIBATE', 'SIBAT?', '2392_Cra . 7 No. 12A-44', 'DIEBOLD', 'Opteva 500', '1500V3300008', 1),
(2396, 'SERVIBANCA', 'C.C_PALMAS_MALL', 'BARRANQUILLA', '2396_Cra 51B Calle 82', 'IDIS', 'S-22 E', 'SV2396', 1),
(2397, 'SERVIBANCA', 'GNB_UNIV_MANIZA', 'MANIZALES', '2397_Cra 9 No 19-03', 'IDIS', 'S-22 E', 'SV2397', 1),
(2398, 'SERVIBANCA', 'SAN_IGNACIO', 'MEDELL?N', 'Cll 48 No.43-81', 'EUDOX', 'Solucion de Video Eudox', 'SV2398', 2),
(2403, 'SERVIBANCA', 'L_ANGELES_MALL', 'BARRANQUILLA', '2403_Carrera 43-Calle 35 Esquina', 'DIEBOLD', 'Opteva 522', '1522FDC29294', 3),
(2406, 'SERVIBANCA', 'OL_LAS_GRANJAS', 'CALI', 'CLL 16 #43-45', 'DIEBOLD', '5867', '1522FDC29297', 1),
(2407, 'SERVIBANCA', 'PORTAL_S_FELIPE', 'CARTAGENA', '2407_Calle 30 No 17-109 L. 109', 'DIEBOLD', 'Opteva 522', '1522FDC29337', 3),
(2409, 'SERVIBANCA', 'BOSA_PIAMONTE', 'BOGOT?', '2409_Calle 68 a sur 79 C 41', 'DIEBOLD', 'Opteva 562', '1562R3300886', 2),
(2412, 'SERVIBANCA', 'EXITO_CHAPINERO', 'BOGOT?', '2412_Calle 53 Cra 13', 'DIEBOLD', 'Opteva 522', '1522FDC29295', 1),
(2413, 'SERVIBANCA', 'CPS_LAGO_MAR', 'GIRARDOT', '2413_Hotel Lago Mar - El Penon', 'DIEBOLD', '5867', 'SV2413', 1),
(2415, 'SERVIBANCA', 'RICAURTE', 'BOGOT?', '2415_Calle 9 # 29 - 41', 'DIEBOLD', 'Opteva 522', '1522FDC29298', 1),
(2416, 'SERVIBANCA', 'OL_EL_POBLADO', 'CALI', 'CRA 28 D #72 T-72', 'DIEBOLD', '5867', '1510FDC04458', 1),
(2418, 'SERVIBANCA', 'ALKOSTO_PASTO', 'PASTO', '2418_Calle 22 No 6-28', 'DIEBOLD', 'S-22 E', '1522FDC29304', 1),
(2420, 'SERVIBANCA', 'BCOOMV_PASTO', 'PASTO', 'CLL 12 ENTRE CRAS 35 Y 36', 'DIEBOLD', 'Opteva 520', '1522FDC29358', 1),
(2421, 'SERVIBANCA', 'U_SERGIO_ARBOLE', 'SANTA MARTA', '2421_Cra 15 No. 18A-18', 'IDIS', 'S-22 E', 'SV2421', 1),
(2422, 'SERVIBANCA', 'CC_ANTARES', 'SOACHA', '2422_Carrera 7 No. 30 B 139', 'WINCOR NIXDORF', 'C280', '56HG701342', 2),
(2423, 'SERVIBANCA', 'ALKOSTO_VENECIA', 'BOGOT?', '2423_Autopista Sur Cra 68', 'DIEBOLD', 'Opteva 522', 'SV2422', 1),
(2424, 'SERVIBANCA', 'VILLA PRADO IV', 'BOGOT?', '2424_Cll 174A No.54B-BIS 16', 'DIEBOLD', 'Opteva 522', '1522FDC29300', 1),
(2425, 'SERVIBANCA', 'METRO_127', 'BOGOT?', '2425_Calle 127 Cra 15', 'DIEBOLD', 'Opteva 510', '1510FDC05953', 1),
(2426, 'SERVIBANCA', 'BCOOMV_FUN_AMIG', 'MONTER?A', '2426_Calle 29 No. 13-45 EstaciOn de servicio el Eden', 'DIEBOLD', 'Opteva 562', '1522FDC29356', 1),
(2430, 'SERVIBANCA', 'OL_MINCA', 'SANTA MARTA', 'CARRERA 49 NO.53?-67', 'DIEBOLD', 'Opteva 522', '1522FDC29340', 1),
(2435, 'SERVIBANCA', 'LIMONCITO', 'FLORIDABLANCA', '2435_Cra 15 No 6-19', 'IDIS', 'S-22 E', 'SV2435', 1),
(2438, 'SERVIBANCA', 'VS_COLANT_FUNZA', 'FUNZA', '2438_Planta Colanta Funza', 'DIEBOLD', 'Opteva 522', '1522FDC02326', 3),
(2446, 'SERVIBANCA', 'CC_CECOA', 'CI?NAGA', '2446_Calle 17 No 10-63', 'IDIS', 'S-22 E', 'SV2446', 2),
(2447, 'SERVIBANCA', 'CAMELLON_STAMTA', 'SANTA MARTA', 'CARRERA 1 # 18-23', 'DIEBOLD', 'Opteva 562', '1562R3302813', 1),
(2450, 'SERVIBANCA', 'OL_13_DE_JUNIO', 'CARTAGENA', 'DIAGONAL 32 #70-33', 'IDIS', 'S-22 E', 'SV2450', 1),
(2452, 'SERVIBANCA', 'CARULLA_PASADENA', 'BOGOT?', 'CARRERA 53 # 102A - 77', 'DIEBOLD', 'Opteva 510', '1510FDC04449', 2),
(2463, 'SERVIBANCA', 'CC_BASTIDAS', 'SANTA MARTA', '2463_Avda Ferrocarril No. 39A-112', 'IDIS', 'Opteva 500', 'SV2463', 2),
(2469, 'SERVIBANCA', 'SANTA_LIBRADA', 'BOGOT?', '2469_Calle 73 D Sur No. 1 A 15', 'DIEBOLD', 'Opteva 560', '1560RDC05286?', 2),
(2471, 'SERVIBANCA', '?XITO_FONTANAR', 'CH?A', 'V?A CHIA KM2,5 CAJIC?, C.C FONTANAR', 'WINCOR NIXDORF', 'C280', '56HG704394', 2),
(2472, 'SERVIBANCA', 'MCDON_FLORIDA', 'FLORIDABLANCA', '2472_Calle 31 No. 26A-19 Local 225 C.C. LA FLORIDA', 'DIEBOLD', 'S-22 E', 'SV2472', 1),
(2477, 'SERVIBANCA', 'ZUAMEN_FUNZA', 'FUNZA', 'CARERA 2 D # 24 - 44', 'IDIS', 'Opteva 522', 'SV2477', 2),
(2481, 'SERVIBANCA', 'C.C_HORUS', 'CARTAGENA', '2481_Parque CC Pierinogallo No 2-5', 'IDIS', 'S-22 E', 'SV2481', 1),
(2482, 'SERVIBANCA', 'EDS_ECOSMALAMBO', 'MALAMBO', '2482_Cra 19 No 7-13', 'IDIS', 'S-22 E', 'SV2482', 1),
(2484, 'SERVIBANCA', 'TERPEL_SPINELLI', 'TUNJA', '2484_KM 7 Via Tunja/Bogota', 'IDIS', 'S-22 E', 'SV2484', 2),
(2488, 'SERVIBANCA', 'SUPER_VILLA_MAY', 'BOGOT?', 'CALLE 37 SUR # 33A - 88', 'DIEBOLD', 'Opteva 522', '1522FDC29336', 2),
(2493, 'SERVIBANCA', 'DIAMANTE_II', 'BUCARAMANGA', '2493_Av 89 No 23-117', 'IDIS', 'S-22 E', 'SV2493', 1),
(2495, 'SERVIBANCA', 'HOTEL_RADISSON', 'CALI', '2495_Cra 100B No 11B-99', 'IDIS', 'S-22 E', 'SV2495', 1),
(2499, 'SERVIBANCA', 'VENECIA_II', 'BOGOT?', 'DIAGONAL 46 A # 53-11 SUR', 'DIEBOLD', 'Opteva 522', '1522VDC07783', 2),
(2558, 'SERVIBANCA', 'CC_NAO_BOCAGRAD', 'CARTAGENA', '2558_Centro Comercial Nao, Carrera 1 # 5? 74.', 'DIEBOLD', 'Opteva 520', '1520V3300543', 1),
(2564, 'SERVIBANCA', 'BCOOMV_CARTAGO', 'CARTAGO', 'CLL 10 #4-57', 'DIEBOLD', 'Opteva 520', '1522FDC29350', 1),
(2601, 'SERVIBANCA', 'EDS_CORRALEJA', 'GACHANCIP?', 'V?A BOGOT? ? TUNJA (3 KM DE GACHANCIPA)', 'DIEBOLD', 'Opteva 562', '1562R3300892', 2),
(2602, 'SERVIBANCA', 'ALTOQ_ALSACIA', 'BOGOT?', 'AVENIDA BOYAC? # 12A - 80', 'DIEBOLD', 'Opteva 510', '1510FDC05958', 2),
(2604, 'SERVIBANCA', 'EXITO_RIOHACHA', 'RIOHACHA', '2604_Calle 15 # 18-274', 'DIEBOLD', '5867', '1720FGR00553', 1),
(2608, 'SERVIBANCA', 'SUPER_IN_ACOPI', 'CALI', '2608_Cr. 11A # 39-78 ACOPI', 'DIEBOLD', 'Opteva 522', 'SV2608', 1),
(2611, 'SERVIBANCA', 'SANTANA', 'FLORIDABLANCA', 'CARRERA 11 # 7 -29', 'DIEBOLD', 'Opteva 562', '1562R3300869', 2),
(2614, 'SERVIBANCA', 'SUPER_IN_PASARE', 'CALI', '2614_AV 5 N #23 DN 40', 'DIEBOLD', 'Opteva 522', '1520VDC02841', 1);
INSERT INTO `atms` (`atm`, `name_client`, `site_atm`, `city_atm`, `direction_atm`, `brand_atm`, `product_atm`, `serial_atm`, `id_alarms_FK`) VALUES
(2616, 'SERVIBANCA', 'SUPER_IN_VILLAC', 'CALI', '2616_Cra. 8va No 51-06', 'DIEBOLD', 'Opteva 560', '1520VDC02803', 1),
(2619, 'SERVIBANCA', 'SUPER_CANAVERAL', 'CALI', '2619_Cra. 1ra No 44-50', 'DIEBOLD', 'Opteva 522', '1520V3300530', 1),
(2621, 'SERVIBANCA', 'SAN_CRISTOB_SUR', 'BOGOT?', 'Calle 17 A Sur No. 6-18 Este', 'DIEBOLD', 'Opteva 522', '1522VDC00659', 2),
(2622, 'SERVIBANCA', 'SURTIMAX_ZAMORA', 'MEDELL?N', '2622_Carrera 52 No 97?04', 'DIEBOLD', 'C280', '1520VDC02834', 1),
(2623, 'SERVIBANCA', 'TUNJUELITO', 'BOGOT?', 'Calle 51 sur 13 D 47 Local # 1', 'DIEBOLD', 'Opteva 560', '1510VDC04044', 2),
(2624, 'SERVIBANCA', 'ALTOQ_ESPINELES', 'TUNJA', 'Rural Km 7 Tunja - Bogot? Bar?n Germania ? Tunja.', 'DIEBOLD', 'Opteva 522', '1522FDC29336', 2),
(2626, 'SERVIBANCA', 'ALTOQ_PUERTA_AM', 'PONTEZUELA', 'CORREGIMIENTO DE PONTEZUELA, ZONA NORTE KM 9 V?A 90A ? CARTA', 'DIEBOLD', 'Opteva 510', '1510FDC04468', 1),
(2630, 'SERVIBANCA', 'ACOMEDICA_127', 'BOGOT?', 'AVENIDA CALLE 127 #19A-26-44', 'WINCOR NIXDORF', 'C280', '56HG705007', 2),
(2636, 'SERVIBANCA', 'COMPENSAR CENTRO URBANO D', 'BOGOT?', 'CARRERA 61 # 49B-23', 'DIEBOLD', 'Opteva 522', '1522FDC29306', 1),
(2637, 'SERVIBANCA', 'BOCHALEMA', 'CALI', 'CARRERA 112 # 25-53', 'DIEBOLD', 'Opteva 510', '1510FDC04464', 2),
(2640, 'SERVIBANCA', 'DROGRIA_PARIS_4', 'NEIVA', 'CALLE 8 No. 3-72', 'DIEBOLD', 'Opteva 510', '1520F3313764', 2),
(2644, 'SERVIBANCA', 'FONTANA_ARIZONA', 'BUCARAMANGA', 'CALLE 102 # 18 - 104 L. 4', 'DIEBOLD', 'Opteva 560', '1560R3304805', 2),
(2645, 'SERVIBANCA', 'SERFINANZA_BQUILLA', 'BARRANQUILLA', 'CALLE 72 # 54 - 35', 'WINCOR NIXDORF', 'C280', '56HG705091', 2),
(2647, 'SERVIBANCA', 'VILL_GRANADA_III', 'BOGOT?', 'CALLE 72F No. 112 D-09', 'DIEBOLD', 'Opteva 522', '1522VDC07749', 2),
(2648, 'SERVIBANCA', 'NUEVO_MUZU', 'BOGOT?', '2648_Diag 51 Sur No. 61B-38', 'DIEBOLD', 'Opteva 562', '1562R3300856', 2),
(2653, 'SERVIBANCA', 'ALTOQ_SOGAMOSO', 'SOGAMOSO', 'CARRERA 11 # 30-50', 'DIEBOLD', 'Opteva 510', '1510FDC05938', 2),
(2659, 'SERVIBANCA', 'VIS_CANA_VILLAO', 'VILLAVICENCIO', '2659_ Calle 35 No. 39-30', 'DIEBOLD', 'Opteva 522', 'SV2659', 1),
(2668, 'SERVIBANCA', 'ALTOQ_AUTOPISTA', 'CALI', 'AUTOPISTA CALLE 10 # 46 -20', 'WINCOR NIXDORF', 'C280', '56HG704408', 1),
(2671, 'SERVIBANCA', 'ALTOQ_MELGAR', 'MELGAR', 'KILOMETRO 6 V?A MELGAR - BOGOTA VEREDA EL SALERO', 'WINCOR NIXDORF', 'C280', '56HG705067', 1),
(2672, 'SERVIBANCA', 'UNICEN_PALMIRA', 'PALMIRA', '2672_Calle 42 No. 39-68', 'DIEBOLD', 'Opteva 522', '1520VDC02823', 1),
(2675, 'SERVIBANCA', 'ALTOQ_LA _33', 'MEDELL?N', 'CALLE 33 # 63 B 315', 'DIEBOLD', 'Opteva 522', '1522FDC29352', 2),
(2676, 'SERVIBANCA', 'ALTOQ_COGUA', 'COGUA', 'KM 35 de Bogot? en la v?a Zipaquir? - Ubat?', 'WINCOR NIXDORF', 'C280', '56HG705036', 2),
(2681, 'SERVIBANCA', 'OASIS', 'SANTA MARTA', 'CARRERA 4 # 114 ? 303 LOCAL 4', 'DIEBOLD', 'Opteva 500', '1500V3300016', 1),
(2683, 'SERVIBANCA', 'VIS_COOP_SN_GIL', 'SAN GIL', '2683_Cra 17 No.35-46 local 201 San Gil Plaza', 'DIEBOLD', '5867', '1562R3300851', 1),
(2687, 'SERVIBANCA', 'NATURAL_MARKET', 'BOGOT?', 'CARRERA 8 # 107-27', 'DIEBOLD', 'Opteva 510', '1510FDC04478', 2),
(2688, 'SERVIBANCA', 'OXXO_CANDELARIA', 'BOGOT?', 'CALLE 11 #3-57/59', 'DIEBOLD', 'Opteva 510', '1510FDC04474', 2),
(2694, 'SERVIBANCA', 'SURTIMAX_MERDIT', 'MONTERIA', '2694_Carrera 9 # 11 A?? 54', 'DIEBOLD', 'Opteva 522', 'SV2694', 1),
(2696, 'SERVIBANCA', 'SN_RAFAEL', 'PIEDECUESTA', '2696_CALLE 7 # 12 - 37', 'DIEBOLD', 'Opteva 522', '1562R3300872', 1),
(2704, 'SERVIBANCA', 'EDI_COLTEJER', 'MEDELL?N', '2704_Calle ?52 NO 47-42', 'DIEBOLD', 'S-22', '1520V3300525', 1),
(2705, 'SERVIBANCA', 'CC_SORPRESAS', 'BOGOT?', 'CARRERA 18 A #136A-11', 'DIEBOLD', 'Opteva 522', '1512RDC02455', 2),
(2706, 'SERVIBANCA', 'CEDRITOS', 'BOGOT?', 'AVENIDA 19 #134 -20', 'DIEBOLD', 'Opteva 522', '1522VDC07534', 2),
(2707, 'SERVIBANCA', 'MERCALDAS_ENEA', 'MANIZALES', 'Carrera 35 No 100 B 30', 'DIEBOLD', 'Opteva 500', '1500V3300025', 1),
(2710, 'SERVIBANCA', 'ALTOQ_CONTADOR', 'BOGOT?', 'AVENIDA CARRERA 19 #134A -54', 'DIEBOLD', 'Opteva 510', '1510FDC04462', 2),
(2711, 'SERVIBANCA', 'ESTACI?N METRO AGUACATALA', 'MEDELL?N', 'CARRERA 48 C # 12 SUR 50', 'IDIS', 'Digital Video Recorder', '1522FDC28561', 1),
(2712, 'SERVIBANCA', 'MET_ITAGUI', 'ITAG??', 'CARRERA 49 # 50 SUR 80', 'DIEBOLD', '', '1522FDC29356', 1),
(2713, 'SERVIBANCA', 'MET_NIQUIA', 'BELLO', 'AVENIDA? 50 A DIAGONAL? 37-1', 'DIEBOLD', 'Opteva 522', '1522FDC28575', 1),
(2714, 'SERVIBANCA', 'MET_PARQ_BERRIO', 'MEDELL?N', 'CARRERA 51 # 50 - 26', 'DIEBOLD', 'Opteva 520', '1520F3309566', 1),
(2715, 'SERVIBANCA', 'MET_SAN_ANTONIO', 'MEDELL?N', 'CARRERA 51 A # 46 - 18', 'DIEBOLD', 'Opteva 522', '1522FDC28604', 1),
(2716, 'SERVIBANCA', 'MET_UNIVERSIDAD', 'MEDELL?N', 'CALLE 73 # 52-40', 'DIEBOLD', 'Opteva 522', '1522FDC29358', 1),
(2718, 'SERVIBANCA', 'LA_VILLA_PLAZA', 'VILLA DE LEYVA', 'KILOMETRO 1 VIA SANTA LUCIA (VILLA DE LEYVA)', 'DIEBOLD', 'C280', '1560R3304470', 2),
(2720, 'SERVIBANCA', 'MET_SAN_ANTO_II', 'MEDELL?N', 'CARRERA 51 A # 46 - 18', 'DIEBOLD', 'Opteva 522', '1522FDC29046', 1),
(2723, 'SERVIBANCA', 'OL_JARDIN_RIO', 'BARRANQUILLA', 'CALLE 114 No. 42C ? 33', 'WINCOR NIXDORF', 'C280', '56HG701289', 2),
(2758, 'SERVIBANCA', 'EVENTOS_AUTNORTE', 'CH?A', 'Autopista norte No. 19-20', 'DIEBOLD', 'Opteva 562', '1562R3300877', 2),
(2761, 'SERVIBANCA', 'V_JAVIER_BOSA', 'BOGOT?', 'CALLE 81 SUR # 81-90 Local 7', 'IDIS', 'S-22 E', '94-46205726', 2),
(2764, 'SERVIBANCA', 'CPS_CALLE_220', 'BOGOT?', 'CARRERA 7 # 220-02', 'DIEBOLD', 'Opteva 520', '1520F3309597', 2),
(2766, 'SERVIBANCA', 'CANASTO_MARKET', 'SOP?', 'TRANSVERSAL. 6 CALLE 6', 'DIEBOLD', 'Opteva 510', '1510FDC04471', 1),
(2767, 'SERVIBANCA', 'BULEVAR_TEQUEND', 'BOGOT?', 'CALLE 26 A # 13-97 LOCAL 1A', 'DIEBOLD', 'Opteva 560', '1560R3304353', 1),
(2768, 'SERVIBANCA', 'UNIANDES II', 'BOGOT?', 'CALLE 19A # 0-75 PISO 1', 'WINCOR NIXDORF', 'C280', '56HG704997', 1),
(2778, 'SERVIBANCA', 'CARULLA_110', 'BOGOT?', 'CALLE 110 # 9B- 80', 'DIEBOLD', 'Opteva 510', '1510FDC04473', 1),
(2781, 'SERVIBANCA', 'BGR_SALADOBLA', 'SALADOBLANCO', 'CALLE 2 # 2 - 71', 'IDIS', 'Opteva 562', 'SV2781', 3),
(2801, 'SERVIBANCA', 'BCOOMV_LLNO_GRN', 'PALMIRA', 'CLL 31 #44 - 239', 'DIEBOLD', 'C280', 'SV2801', 2),
(2802, 'SERVIBANCA', 'VALMONTI', 'FLORIDABLANCA', '2802_Calle 200 N? 12 -164', 'DIEBOLD', 'S-22 E', '1562R3300203', 1),
(2805, 'SERVIBANCA', 'CARLOS-E-REST', 'MEDELL?N', 'Calle 52 No 64A11', 'DIEBOLD', 'S-22 E', '1562R3302053', 2),
(2807, 'SERVIBANCA', 'UNICO-SALOM', 'CALI', '2807_Calle 52 No 3-29', 'IDIS', 'Opteva 522', 'SV2807', 1),
(2810, 'SERVIBANCA', 'VALLE-ABURRA', 'MEDELL?N', '2810_Kra 81 No 32-204', 'DIEBOLD', 'Opteva 520', '1522FDC29042', 2),
(2811, 'SERVIBANCA', 'OL_LAS_TORRES', 'SOLEDAD', 'CLL 45 #42 - 19', 'IDIS', 'Opteva 500', 'SV2811', 1),
(2812, 'SERVIBANCA', 'SECURITAS_CONNEC', 'BOGOT?', '2812_Avenida Calle 26 No. 92-32', 'DIEBOLD', 'Opteva 522', '1522FDC28608', 2),
(2814, 'SERVIBANCA', 'PETRO-RETOR', 'CH?A', '2814_Cgia vereda Yerbabuena', 'WINCOR NIXDORF', 'C280', '56HG701315', 1),
(2816, 'SERVIBANCA', 'OL_VLLA_GALAPA', 'GALAPA', 'CLL 8 CRA 8 ESQ', 'IDIS', 'C280', 'SV2816', 1),
(2817, 'SERVIBANCA', 'OL_NORTE', 'ARMENIA (QUINDIO)', 'CRA 14 #8#rte - 13', 'DIEBOLD', 'Opteva 522', '1522VDC08910', 2),
(2823, 'SERVIBANCA', 'MAX_X_MENOS_FLB', 'FLORIDABLANCA', '2823_Carrera 8 # 3 - 61', 'DIEBOLD', 'S-22', '1522VGR00222', 2),
(2824, 'SERVIBANCA', 'MAS_X_MENOS_GRO', 'GIR?N', '2824_Carrera 18 # 31B ? 27 BODEGA 2', 'DIEBOLD', 'Opteva 522', '1522VGR00703', 2),
(2826, 'SERVIBANCA', 'PEREIRA-PLAZ', 'PEREIRA', 'Calle 15 No 13-110', 'DIEBOLD', 'Opteva 522', '1522VDC08099', 2),
(2830, 'SERVIBANCA', 'LULO_CC_RETIRO', 'BOGOT?', 'Calle 82 No. 11-75 Piso 2', 'DIEBOLD', 'Opteva 720', '1720F3308058', 3),
(2832, 'SERVIBANCA', 'OL_VILLASANTOS', 'BARRANQUILLA', 'CALLE 100 # 50 - 49', 'WINCOR NIXDORF', 'C280', '56HG701346', 1),
(2836, 'SERVIBANCA', 'VIVER-MONT', 'MONTER?A', '2836_Calle 48 Av Circunvalar', 'DIEBOLD', 'Opteva 500', '1500V3300006', 3),
(2837, 'SERVIBANCA', 'MAS_X_MENOS_CDL', 'BUCARAMANGA', '2837_Centro Comercial AcrOpolis ? Local 101.', 'DIEBOLD', 'Opteva 520', '1522VGR00106', 2),
(2838, 'SERVIBANCA', 'CC_NUESTRO_CTGO', 'CARTAGO', 'CALLE 34 # 2-45', 'DIEBOLD', 'Opteva 510', '1510FDC00119', 1),
(2840, 'SERVIBANCA', 'BCOOMV_APARTADO', 'APARTAD?', 'CLL 98 #103 - 11  ', 'DIEBOLD', 'S-22 E', '1562R3306487', 2),
(2841, 'SERVIBANCA', 'PARAISO', 'BARRANQUILLA', '2841_Kra 67 No 81-186', 'IDIS', 'S-22 E', 'SV2841', 1),
(2842, 'SERVIBANCA', 'CC_MUISCA_ENGAT', 'BOGOT?', 'CALLE 64 #? 118 B 58 LOCAL 201', 'DIEBOLD', 'Opteva 510', '1510FDC04463', 1),
(2844, 'SERVIBANCA', 'HOME_C_BAQ_NTE', 'BARRANQUILLA', 'CARRERA 53 # 98-20', 'DIEBOLD', 'Opteva 522', '1522FDC29307', 1),
(2848, 'SERVIBANCA', 'COLSUB_FUNZA', 'FUNZA', '2848_Carrera 9 No. 17 A 93', 'DIEBOLD', 'Opteva 520', '1520F3309599', 2),
(2855, 'SERVIBANCA', 'EDS_TERPEL_TIMIZ', 'BOGOT?', 'CALLE 40 SUR # 73 - 12', 'IDIS', 'Digital Video Recorder', '56HG701902', 1),
(2856, 'SERVIBANCA', 'EDS_TERP_ALAMOS', 'BOGOT?', 'CARRERA 98 # 63 - 39', 'DIEBOLD', 'Opteva 562', '1562R3300879', 2),
(2857, 'SERVIBANCA', 'CC_CHAGUYA_FUNZA', 'FUNZA', 'CALLE 10 A # 15 - 84', 'DIEBOLD', 'Opteva 510', '1510FDC04452', 2),
(2865, 'SERVIBANCA', 'VIS_COPRU_RNEGRO', 'RIONEGRO (ANTIOQUIA)', 'KM 6 V?A RIONEGRO - LA CEJA, CARMEN DE VIBORAL', 'WINCOR NIXDORF', 'PROCASH 280 N', '56HG701348', 2),
(2869, 'SERVIBANCA', 'MANRIQUE-I', 'MEDELL?N', '2869_Kra 45 No 70-03', 'IDIS', 'S-22 E', 'SV2869', 1),
(2872, 'SERVIBANCA', 'CCAFAM_L_NIEVES', 'BOGOT?', '2872_Carrera 7 No. 19-59?', 'DIEBOLD', 'Opteva 522', '1522FDC29031', 2),
(2873, 'SERVIBANCA', 'PARAGUITAS', 'FLORIDABLANCA', '2873_carrera 36 # 197 ? 130 local b5', 'DIEBOLD', 'Opteva 522', '1522VDC00173', 2),
(2875, 'SERVIBANCA', 'PALMIRA-CTRO', 'PALMIRA', 'Calle 30 No 29-01', 'DIEBOLD', 'Opteva 522', '1522VDC08001', 2),
(2877, 'SERVIBANCA', 'LA-LUCHA-BAQ', 'SANTA MARTA', 'Avda Ferrocarril No 39A112', 'DIEBOLD', 'S-22 E', '1562R3302985', 2),
(2878, 'SERVIBANCA', 'HOME_C_CLL_170', 'BOGOT?', '2878_Kra 45 No 170-50', 'WINCOR NIXDORF', 'C280', '56HG701301', 3),
(2886, 'SERVIBANCA', 'BCOOMV_IBAGUE', 'IBAGUE', 'CRA 5 #38-14', 'IDIS', '5867', 'SV2886', 1),
(2900, 'SERVIBANCA', 'CC_LOS_LAURELES', 'GUASCA', 'KM 23 V?A LA CALERA ? GUASCA ROTONDA CONCESI?N PERIMETRAL DE', 'DIEBOLD', 'Opteva 562', '1562R3300881', 2),
(2902, 'SERVIBANCA', 'BRITALIA', 'BOGOT?', '2902_Carrera 86 No. 44-10 sur Local 22', 'DIEBOLD', 'Opteva 560', '1560R3304327', 2),
(2908, 'SERVIBANCA', 'CC_LA_ESTACION', 'CALI', '2908_Carrera 1ra / calles 36 y 38 Norte', 'DIEBOLD', 'Opteva 500', '1500F3303913', 3),
(2910, 'SERVIBANCA', 'C_SAN_GABRIEL', 'MADRID', 'CALLE 7 # 20 - 17 / 35 / 49, HACE PARTE DEL LOCAL # 11', 'DIEBOLD', 'Opteva 562', '1562R3302047', 2),
(2921, 'SERVIBANCA', 'SIMON_BOLIVAR', 'BOGOT?', '2921_Calle 77 No. 64-11', 'DIEBOLD', 'Opteva 520', '1520VDC02844?', 2),
(2922, 'SERVIBANCA', 'AERO_CTGENA_II', 'CARTAGENA', '2922_Calle 71 Aeropuerto Internacional Rafael Nu?ez', 'WINCOR NIXDORF', 'S-22 E', '56HG704395', 2),
(2930, 'SERVIBANCA', 'BMIA_RIOHACHA', 'RIOHACHA', '2930_Calle 4 # 08 - 11', 'IDIS', 'C280', 'SV2930', 1),
(2939, 'SERVIBANCA', 'EL-RECREO', 'BARRANQUILLA', '2939_Kra 38 No 54-55', 'IDIS', 'S-22 E', 'SV2939', 1),
(2941, 'SERVIBANCA', 'CC_UNICO_NEIVA', 'NEIVA', '2941_Calle 64 N? 1 D - 140', 'IDIS', 'C280', 'SV2941', 1),
(2945, 'SERVIBANCA', 'PUERTO_125', 'CALI', 'CARRERA 43 # 36 SUR - 34', 'DIEBOLD', 'Opteva 510', '1510VDC04054', 2),
(2955, 'SERVIBANCA', 'CENTRO COMERCIAL PLAZA DE', 'BARRANQUILLA', 'CALLE 26 V # 19 - 04', 'WINCOR NIXDORF', 'PROCASH 280 N', '56HG705026', 2),
(2958, 'SERVIBANCA', 'TELECOM_SFE_ANT', 'SANTA FE DE ANTIOQUIA', 'CALLE 10 # 9 - 04, LOCAL 7', 'IDIS', 'Digital Video Recorder', '56HG701298', 2),
(2964, 'SERVIBANCA', 'PORTOALEGRE', 'BOGOT?', '2964_Cra 52 No 137-27', 'DIEBOLD', 'Opteva 562', '1562R3302415', 1),
(2967, 'SERVIBANCA', 'BCOOMV_POPAYAN', 'POPAY?N', 'CLL 4 #7-22', 'EUDOX', 'Opteva 720', 'SV2967', 2),
(2973, 'SERVIBANCA', 'ALTOQ_INTEXONA', 'COTA', 'KM 1, VEREDA SIBER?A - V?A SIBERIA FUNZA', 'DIEBOLD', 'Opteva 510', '1510FDC04466', 2),
(2974, 'SERVIBANCA', 'OL_OLAYA_HERRER', 'BARRANQUILLA', 'Carrrera 46 #82-54', 'IDIS', 'Opteva 522', 'SV2974', 1),
(2977, 'SERVIBANCA', 'ALTOQUE_MARBELLA', 'CALI', 'CALLE 13 # 81 - 08', 'DIEBOLD', 'Opteva 520', '1520F3311708', 1),
(2978, 'SERVIBANCA', 'MCDON_93_BQUILL', 'BARRANQUILLA', '2978 -Calle 93 Carrera 46', 'IDIS', 'C280', 'SV2978', 1),
(2980, 'SERVIBANCA', 'MCDON_SAN_PIO', 'BUCARAMANGA', '2980-CARRERA 36 # 44 - 73', 'DIEBOLD', 'S-22 E', '1522VDC00567', 2),
(2990, 'SERVIBANCA', 'TIGER-BELLO', 'BELLO', '2990_Cr 50 No 25B-15', 'IDIS', 'S-22 E', 'SV2990', 1),
(2998, 'SERVIBANCA', 'TIGER-PLAZA', 'YUMBO', '2998_Calle 15 No 35-147', 'DIEBOLD', 'Opteva 522', '1522FDC29046', 3),
(3003, 'SERVIBANCA', 'CIUD_BOLIVAR', 'BOGOT?', '3003_Avda Villa No 45A-10 Sur', 'DIEBOLD', 'Opteva 562', '1562R3300936', 1),
(3005, 'SERVIBANCA', 'TERMIN_CALI_II', 'CALI', '3005_CALLE 30 2AN 29', 'DIEBOLD', 'Opteva 522', '1522VDC08284', 3),
(3006, 'SERVIBANCA', 'CASTILLA_II', 'BOGOT?', '3006_Calle 8 No 77-53', 'DIEBOLD', 'Opteva 562', '1562R3300911', 2),
(3007, 'SERVIBANCA', 'COMFAN_CALIPSO', 'CALI', '3007_Kra 28 D No 70-18', 'DIEBOLD', 'Opteva 522', '1522VDC08922', 2),
(3008, 'SERVIBANCA', 'SABANALARGA', 'SABANALARGA (ATL?NTICO)', '3008_Carrera 19 No.21-70', 'DIEBOLD', 'S-22 E', '1522VDC00678', 2),
(3009, 'SERVIBANCA', 'EL_JARDIN', 'CALI', 'CLL 27 #33B-09', 'DIEBOLD', 'C280', '1522VDC07795', 2),
(3010, 'SERVIBANCA', 'CODABAS_BO', 'BOGOT?', '3010_Cll.182 Cra 7 modulo 2 L. 1', 'DIEBOLD', 'Opteva 562', '1562R3302424', 1),
(3026, 'SERVIBANCA', 'OL_GAIRA', 'SANTA MARTA', 'CLL 6 #13 - 26', 'DIEBOLD', 'S-22 E', '1522VGR00073', 2),
(3028, 'SERVIBANCA', 'SUBA_COMPAR', 'BOGOT?', '3028_Cra 151H No 116-38', 'DIEBOLD', 'Opteva 522', '1522VDC08277', 1),
(3035, 'SERVIBANCA', 'MEGA_MALL_VDUPA', 'VALLEDUPAR', 'Calle 16 No. 19 B 56 ', 'IDIS', 'Opteva 562', 'SV3035', 1),
(3036, 'SERVIBANCA', 'C.C_UNICE_NEIVA', 'NEIVA', 'Av Cra 15 Calle 26 Sur', 'WINCOR NIXDORF', 'C280', '56HG701318', 2),
(3037, 'SERVIBANCA', 'MAS_X_MENO_BRCA', 'BARRANCABERMEJA', '3037_CALLE 50 # 18 - 84', 'WINCOR NIXDORF', 'S-22', '56HG701326', 2),
(3038, 'SERVIBANCA', 'CGR_BUENAVISTA', 'BUENAVISTA', 'CALLE 2 #? 3 - 30', 'WINCOR NIXDORF', 'C280', '56HG705030', 3),
(3040, 'SERVIBANCA', 'CRUZ_VERDE_CHIC', 'BOGOT?', '3040_Carrera 15 # 95 ? 84', 'DIEBOLD', 'Opteva 510', '1510FDC05937', 1),
(3043, 'SERVIBANCA', 'GALERIA_REAL', 'BARRANQUILLA', '3043_Calle 34 No.40-40', 'DIEBOLD', '5867', '1522VHI00270', 2),
(3046, 'SERVIBANCA', 'CIUDAD_MONTES', 'BOGOT?', 'Calle 8 Sur # 40 b 14', 'DIEBOLD', 'Opteva 560', '1560RDC03152', 2),
(3051, 'SERVIBANCA', 'MCDON_1_MAYO', 'BOGOT?', 'Carrera 69 B No. 25-12/34 Sur', 'DIEBOLD', 'Opteva 522', '1522FDC28620', 2),
(3052, 'SERVIBANCA', 'OL_GUAYAQUIL', 'CALI', 'CLL 14 #18 A 41  ', 'DIEBOLD', 'S-22 E', '1522VDC08285', 2),
(3057, 'SERVIBANCA', 'CONFIAR_LAURELES', 'MEDELL?N', 'Circular 76 # 73 B - 40?', 'WINCOR NIXDORF', 'C280', '56HG704532', 3),
(3060, 'SERVIBANCA', 'OXXO_SOTOMAYOR', 'BUCARAMANGA', 'CALLE 47 No. 28 - 66', 'EUDOX', 'C280', 'SV3060', 2),
(3065, 'SERVIBANCA', 'OL_BARRANQUILLA', 'CALI', 'CRA 1 D #62-04 ', 'IDIS', 'Opteva 562', 'SV3065', 2),
(3076, 'SERVIBANCA', 'C_EMP_AVIANCA', 'BOGOT?', '3076_Avenida calle 26 # 59 ? 15', 'DIEBOLD', 'Opteva 522', '1522VDC07799', 1),
(3082, 'SERVIBANCA', 'HSPTAL_SERENAMAR', 'CARTAGENA', 'KM 8, ANILLO VIAL', 'DIEBOLD', 'Opteva 510', '1510FDC04467', 2),
(3083, 'SERVIBANCA', 'BMIA_SINCELEJO', 'SINCELEJO', '3083_Carrera 25 No. 20 A 28', 'DIEBOLD', 'C280', '1522VDC08921', 2),
(3089, 'SERVIBANCA', 'SURTIMAX_OLAYA', 'CARTAGENA', '3089_Calle 32 b # 33 b ? 71, AlmacEn Surtimax', 'DIEBOLD', 'Opteva 510', 'SV3089', 1),
(3095, 'SERVIBANCA', 'MCDON_POLO', 'BOGOT?', '3095_Calle80 No. 24-30', 'DIEBOLD', 'Opteva 522', '1522FDC29343', 1),
(3103, 'SERVIBANCA', 'ALFONSO-LOPEZ', 'CALI', '3103_Cr 7C No 72A-04', 'DIEBOLD', 'Opteva 500', '1562R3302042', 2),
(3104, 'SERVIBANCA', 'BCOOMV_EPS_MDE', 'MEDELLIN', '3104 _Cra 70 No. 26-10', 'DIEBOLD', 'C280', '1522VDC07534', 2),
(3106, 'SERVIBANCA', 'TURBACO-II', 'TURBACO', 'Av Pastrana Est ESSO', 'DIEBOLD', 'S-22 E', '1562R3302426', 2),
(3107, 'SERVIBANCA', 'MCDON_CUCUTA', 'C?CUTA', '3107_DIAGONAL SANTANDER NO. 11 - 70', 'WINCOR NIXDORF', 'C280', '56HG701348', 1),
(3109, 'SERVIBANCA', 'CANAVERAL-I', 'BUCARAMANGA', '3109_Centro_Comercial_Ca?averal', 'IDIS', 'Opteva 522', 'SV3109', 2),
(3111, 'SERVIBANCA', 'CC_GRANPLA_BOSA', 'BOGOT?', 'Calle 65 Sur No. 78H-51', 'WINCOR NIXDORF', 'C280', '56HG701291', 1),
(3112, 'SERVIBANCA', 'ALTOQ_FLORIDA', 'COTA', 'V?A SIBERIA (COTA, FUNZA LA VEGA)', 'DIEBOLD', 'Opteva 520', '1520F3311706', 2),
(3115, 'SERVIBANCA', 'CC_GRANPLA_FLOR', 'FLORENCIA', '3115_ Carrera 3 Calle 22', 'IDIS', 'C280', 'SV3115', 1),
(3118, 'SERVIBANCA', 'EL_GUABAL', 'CALI', 'Kra 44 Cll 14', 'DIEBOLD', 'Opteva 562', '1522VDC07790', 1),
(3121, 'SERVIBANCA', 'BMIA_OFI_PPAL', 'BOGOT?', '3121_ Carrera 9 # 66-25', 'DIEBOLD', 'Opteva 522', '1522VDC07606', 2),
(3126, 'SERVIBANCA', 'CC_MMALL_BMANGA', 'BUCARAMANGA', '3126_Carrera 33a # 29-15 Piso 3', 'IDIS', 'C280', 'SV3126', 2),
(3128, 'SERVIBANCA', 'PARQUE-93', 'BOGOT?', '3128_Calle 93 A 11-67', 'DIEBOLD', 'Opteva 562', '1562R3300841', 2),
(3134, 'SERVIBANCA', 'MODELO_II', 'BOGOT?', '3134_CRA 48 N 66DF-20', 'DIEBOLD', 'Opteva 560', '1560RDC05283', 2),
(3136, 'SERVIBANCA', 'HOTEL_SONESTACTG', 'CARTAGENA', 'CARRERA 9 # 35 - 104, ANILLO VIAL', 'WINCOR NIXDORF', 'PROCASH 280 N', '56HG705057', 2),
(3138, 'SERVIBANCA', 'SN_CRISTBAL', 'BOGOT?', '3138_CALLE 163 CON 17', 'DIEBOLD', 'Opteva 560', '1560RDC05278', 1),
(3139, 'SERVIBANCA', 'CITY_U-CENTRO', 'BOGOT?', 'Calle 19 Carrera 3 esquina Local 110', 'WINCOR NIXDORF', 'C280', '56HG704451', 1),
(3142, 'SERVIBANCA', 'SAO-LA-PLAZ', 'CARTAGENA', 'KRA 71 No 3C13', 'DIEBOLD', 'Opteva 522', '1500F3302386', 2),
(3143, 'SERVIBANCA', 'PAS-BOLIVAR', 'CARTAGENA', 'Paseo Bol. No 34-20', 'DIEBOLD', 'Opteva 562', '1562R3302054', 2),
(3146, 'SERVIBANCA', 'LA_RIVERA', 'CALI', 'Calle 62 No 2-15', 'DIEBOLD', 'Opteva 562', '1562R3302037', 2),
(3147, 'SERVIBANCA', 'OL_CC_MERIDIEM', 'BARRANQUILLA', 'CARRERA 59 B # 81 - 104, CENTRO COMERCIAL LE MERIDIEM', 'DIEBOLD', 'Opteva 522', '1522FDC29292', 2),
(3149, 'SERVIBANCA', 'OL_VERSALLES', 'PALMIRA', 'CLL 42 CRA 27 ', 'DIEBOLD', 'S-22 E', '1522VDC07800', 2),
(3152, 'SERVIBANCA', 'BCOOMV_PEREIRA', 'PEREIRA', 'CRA 8 #23 - 50  ', 'IDIS', 'Opteva 562', 'SV3152', 1),
(3154, 'SERVIBANCA', 'EXITO_SOGAMOSO', 'SOGAMOSO', 'CARRERA 13 # 11 - 50', 'WINCOR NIXDORF', 'PROCASH 280 N', '56HG705075', 2),
(3155, 'SERVIBANCA', 'OLIMP_PLA_PARQE', 'BARRANQUILLA', '3155_Carrera 56 # 98 ? 65 Centro Comercial Plaza del Parque', 'IDIS', 'C280', 'SV3155', 1),
(3156, 'SERVIBANCA', 'DIAMAN-MDE', 'MEDELL?N', '3156_Calle 51 No 73-120', 'IDIS', 'S-22 E', 'SV3156', 1),
(3157, 'SERVIBANCA', 'BCOOMV_POBLADO', 'MEDELLIN', '3157_Carrera 43B No.16-91', 'EUDOX', 'C280', 'SV3157', 2),
(3159, 'SERVIBANCA', 'CARULLA_AUT_116', 'BOGOT?', '3159_Av. carrera 45 # 116-34', 'WINCOR NIXDORF', 'C280', '56HG701322', 1),
(3161, 'SERVIBANCA', 'SAN-FELIPE-BQ', 'BARRANQUILLA', 'Calle 70C No 26B05', 'DIEBOLD', 'S-22 E', '1562R3300948', 1),
(3165, 'SERVIBANCA', 'ESTADIO', 'BUCARAMANGA', 'Calle 13 A No 29-39', 'DIEBOLD', 'Opteva 562', '1562R3302426', 1),
(3167, 'SERVIBANCA', 'BRIGADA', 'BUCARAMANGA', 'Kra 33 No 17-70', 'DIEBOLD', 'Opteva 562', '1522VDC07787', 1),
(3169, 'SERVIBANCA', 'EXITO_ZARZAMORA', 'BOGOT?', '3169_Calle 72 No 90-71', 'DIEBOLD', 'Opteva 562', '1562R3300914', 1),
(3176, 'SERVIBANCA', 'CAR-SOLEDAD', 'BOGOT?', '3176_Avda 22 No 41-43', 'WINCOR NIXDORF', 'C280', '56HG704446', 3),
(3177, 'SERVIBANCA', 'CC_MANANTIAL', 'LA CALERA', '3177_Km 6 Via La Calera Alto Pat', 'DIEBOLD', 'Opteva 520', '1520F3311706', 1),
(3181, 'SERVIBANCA', 'BMIA_CUCUTA', 'CUCUTA', '3181_Avenida 7 # 12-29', 'DIEBOLD', 'Opteva 522', '1522VDC07794', 2),
(3184, 'SERVIBANCA', 'U_EXTERNADO', 'BOGOT?', '3184_Calle 12 # 1-17 Bloque A piso 1', 'DIEBOLD', 'Opteva 500', '1500F3303911', 2),
(3202, 'SERVIBANCA', 'SURTIMAY_CASTIL', 'BOGOT?', '3202_Kra 77 No 8 A 95', 'IDIS', 'S-22', '28-44004572', 3),
(3209, 'SERVIBANCA', 'GNBC_BOCAGRANDE', 'CARTAGENA', 'Avda Sn Martin No 10-21', 'DIEBOLD', 'S-22 E', '1720FGR00513', 2),
(3212, 'SERVIBANCA', 'CAR-ROSALES', 'BOGOT?', '3212_Calle 72 No. 5-32', 'WINCOR NIXDORF', 'C280', '56HG701311', 3),
(3213, 'SERVIBANCA', 'FULLGAS_FLOREST', 'CALI', 'Transversal 29D# 18-106', 'WINCOR NIXDORF', 'C280', '56HG701890', 2),
(3217, 'SERVIBANCA', 'PULL-95-IV', 'BOGOT?', '3217_Kra 11 No 94A35', 'DIEBOLD', 'Opteva 522', '1522VDC07591', 1),
(3223, 'SERVIBANCA', 'MORASURCO', 'PASTO', 'Calle 20 No 42-34', 'DIEBOLD', 'S-22 E', '1522VDC07764', 2),
(3227, 'SERVIBANCA', 'CARMEN-BQA', 'BARRANQUILLA', '3227_CRA 21 No 50 10', 'IDIS', 'Opteva 562', 'SV3227', 1),
(3240, 'SERVIBANCA', 'SURTMAX_ACACIAS', 'ACACIAS', '3240_Calle 14 Nro. 18-38', 'WINCOR NIXDORF', 'C280', '56HG704394', 2),
(3255, 'SERVIBANCA', 'CRULLA_SFDO', 'CALI', '3255_CLL 4 N 34-04', 'IDIS', 'Opteva 522', 'SV3255', 1),
(3261, 'SERVIBANCA', 'SN-ANDR-II', 'BUCARAMANGA', 'C.C Sn Andresito', 'DIEBOLD', 'S-22 E', '1562R3300894', 1),
(3263, 'SERVIBANCA', 'C.C._F_PLATANOS', 'ARMENIA (QUINDIO)', '3263_Calle 50 No. 24-00', 'IDIS', 'Opteva 520', 'SV3263', 1),
(3269, 'SERVIBANCA', 'BOSA_CENTRO', 'BOGOT?', '3269_Calle 65 sur # 78 L - 53', 'DIEBOLD', 'Opteva 562', '1562R3306475', 1),
(3276, 'SERVIBANCA', 'VIVERO-MAT', 'CARTAGENA', '3276_Calle 35 No 9-11', 'DIEBOLD', 'Opteva 500', '1500F3302944', 3),
(3281, 'SERVIBANCA', 'VILLETA_CENTRO', 'VILLETA', 'Calle 6 # 5-40', 'WINCOR NIXDORF', 'C280', '56HG704494', 2),
(3284, 'SERVIBANCA', 'TEXACO-ROOS', 'CALI', '3284_Avda Roosvelt No 81-00', 'DIEBOLD', 'Opteva 500', '1510FDC04454', 1),
(3285, 'SERVIBANCA', 'JUMBO_HAYUELOS', 'BOGOT?', 'Avenida Carrera 86 # 19A-50 Centro Comercial Hayuelos', 'WINCOR NIXDORF', 'C280', '56HG704984', 3),
(3296, 'SERVIBANCA', 'CARULLA-HOLG', 'CALI', '3296_Kra 100 No 11-60', 'IDIS', 'C280', 'SV3296', 2),
(3302, 'SERVIBANCA', 'OL_GUAIMARAL', 'C?CUTA', '3302_Avenida 11E # 7N - 120', 'IDIS', 'C280', 'SV3301', 2),
(3309, 'SERVIBANCA', 'OL_LA_PAZ', 'BARRANQUILLA', 'Calle 108 # 12F-18', 'IDIS', 'C280', 'SV3309', 2),
(3315, 'SERVIBANCA', 'OL_PINOS', 'C?CUTA', 'Avenida 0 # 1AN - 37', 'WINCOR NIXDORF', 'C280', '56HG701351', 2),
(3319, 'SERVIBANCA', 'BMIA_MAICAO', 'MAICAO', 'Carrera 9 # 11-35', 'WINCOR NIXDORF', 'C280', '56HG701338', 1),
(3321, 'SERVIBANCA', 'COMFAN_GUADALUP', 'CALI', 'Cra .56 No 11-05', 'IDIS', 'S-22 E', 'SV3321', 1),
(3322, 'SERVIBANCA', 'OL_LAS_ACACIAS', 'CALI', 'CRA 23 #23 - 24', 'IDIS', 'Opteva 522', 'SV3322', 1),
(3326, 'SERVIBANCA', 'BMIA_YOPAL', 'YOPAL', 'Calle 13 # 18-04', 'IDIS', 'C280', 'SV3326', 2),
(3327, 'SERVIBANCA', 'CIUDADELA_COLSUB', 'BOGOT?', 'CALLE 79 # 112B 17', 'WINCOR NIXDORF', 'C280', '56HG701286', 2),
(3329, 'SERVIBANCA', 'C.C_AVENTURA', 'MEDELL?N', 'Carrera 52 # 65-91 piso 1', 'WINCOR NIXDORF', 'C280', '56HG704414', 1),
(3330, 'SERVIBANCA', 'OL_PRADOS', 'C?CUTA', 'Avenida 5b # 5 ? 06 urb. Prados del este', 'WINCOR NIXDORF', 'S-22 E', '56HG701288', 1),
(3334, 'SERVIBANCA', 'OL_SAN_JOSE', 'CARTAGENA', 'Carrera 92 # 31 - 45', 'WINCOR NIXDORF', 'C280', '56HG701296', 2),
(3335, 'SERVIBANCA', 'OL_SOLEDAD_II', 'SOLEDAD', 'Calle 54 N? 14 ? 14', 'WINCOR NIXDORF', 'C280', '56HG701291', 2),
(3343, 'SERVIBANCA', 'BMIA_MONTERIA', 'MONTER?A', 'Calle 33 # 1-71', 'WINCOR NIXDORF', 'C280', '56HG704504', 2),
(3349, 'SERVIBANCA', 'LA_CANASTA', 'FLORIDABLANCA', '3349_Calle 29 No 32-46', 'IDIS', 'S-22 E', 'SV3349', 2),
(3350, 'SERVIBANCA', 'CCAFAM_TUNAL_II', 'BOGOT?', '3350_Cll.47B S No.24B-23 L.2070', 'WINCOR NIXDORF', 'C280', '56HG705104', 1),
(3351, 'SERVIBANCA', 'CARULLA_PANCE', 'CALI', '3351_Cra 122 No 18-99', 'IDIS', 'S-22 E', 'SV3351', 1),
(3355, 'SERVIBANCA', 'EXITO_VICTORIA', 'PEREIRA', '3355_Cra 10 No 14-71', 'IDIS', 'Opteva 562', 'SV3355', 1),
(3356, 'SERVIBANCA', 'MERCAR', 'CALI', '3356_CRA 28 #19-120', 'IDIS', 'S-22 E', 'SV3356', 1),
(3357, 'SERVIBANCA', 'OL_PLANETA_RICA', 'PLANETA RICA', 'CRA 7 #16-35', 'DIEBOLD', 'S-22 E', '1500F3303915', 1),
(3358, 'SERVIBANCA', 'SURTIMAX_BARANO', 'BARANOA', '3358_Cra 17 No 17A-33', 'IDIS', 'S-22 E', 'SV3358', 1),
(3359, 'SERVIBANCA', 'BCOOMV_ALAMEDA', 'BARRANCABERMEJA', 'CLL 30 #50-39 ', 'IDIS', '', 'SV3359', 1),
(3360, 'SERVIBANCA', 'OL_BOSTON', 'SINCELEJO', 'CLL 25B #28-331', 'IDIS', 'S-22 E', 'SV3360', 1),
(3364, 'SERVIBANCA', 'OXXO_JAVERIANA', 'BOGOT?', '3364_Cra 7 Calle 45', 'DIEBOLD', 'Opteva 522', '1522FDC29037', 2),
(3365, 'SERVIBANCA', 'BCOOMV_TURBO', 'TURBO', 'CLL 102 #13-74', 'IDIS', '', 'SV3365', 1),
(3367, 'SERVIBANCA', 'CHINU', 'CHINU', '3367_Cra 8 No 17-48', 'IDIS', 'S-22 E', 'SV3367', 1),
(3370, 'SERVIBANCA', 'CC_UNICO_PASTO', 'PASTO', '3370_Calle 22 No 6-61', 'IDIS', 'C280', 'SV3370', 1),
(3374, 'SERVIBANCA', 'S_INTER_B_AIRES', 'CALI', 'Carrera 73 No 3 -?07', 'WINCOR NIXDORF', 'C280', '56HG701305', 2),
(3377, 'SERVIBANCA', 'S_INTER_VALDEMO', 'CALI', 'Carrera 84 # 5-100', 'WINCOR NIXDORF', 'Opteva 720', '56HG701314', 2),
(3380, 'SERVIBANCA', 'TERMIN_MANIZALE', 'MANIZALES', 'Carrera 43 # 65-100', 'DIEBOLD', 'C280', '1522FDC29295', 2),
(3386, 'SERVIBANCA', 'SURTMAX_BUENOSA', 'MEDELL?N', '3386_Cra 49 No 33-49', 'IDIS', 'S-22 E', 'SV3386', 1),
(3388, 'SERVIBANCA', 'TERMINAL_VILLAO', 'VILLAVICENCIO', 'Carrera 1 No. 15 - 05', 'IDIS', 'C280', 'SV3388', 2),
(3398, 'SERVIBANCA', 'METRO_GIRON', 'GIR?N', 'Avenida Los Caneyes # 21B?23', 'DIEBOLD', 'Opteva 500', '1500F3303369', 3),
(3412, 'SERVIBANCA', 'CPS_RECREA_SUBA', 'BOGOT?', 'Calle 139 No. 94-55', 'DIEBOLD', 'Opteva 562', '1562R3302984', 1),
(3413, 'SERVIBANCA', 'CPS_EMPRESARIAL', 'BOGOT?', '3413_AV 68 49A-47', 'WINCOR NIXDORF', 'C280', '56HG704398', 3),
(3421, 'SERVIBANCA', 'COMFEN_ZARAGOCI', 'CARTAGENA', '3421_Diag 30 No 50-187', 'DIEBOLD', 'S-22 E', 'SV3421', 1),
(3422, 'SERVIBANCA', 'NIZA', 'BOGOT?', '3422_AV Suba 118-91', 'DIEBOLD', 'Opteva 522', '1522VDC07745', 2),
(3423, 'SERVIBANCA', 'CPS_ZIPAQUIR', 'ZIPAQUIR?', '3423_CLL 8 CR 22', 'DIEBOLD', 'Opteva 500', '1500V3300012', 3),
(3426, 'SERVIBANCA', 'EXITO_BRISAS', 'BUENAVENTURA', '3426_Calle 2 No. 66-86', 'WINCOR NIXDORF', 'S-22', '56HG701891', 1),
(3442, 'SERVIBANCA', 'NUEVA_MARSELLA_1', 'BOGOT?', '3442_AV AMERICAS 58F-59', 'DIEBOLD', 'Opteva 512', '1512RDC02457', 2),
(3443, 'SERVIBANCA', 'BCOOMV_IMBANAC1', 'CALI', '3443_Cra 38 No 5A-100 Torre A', 'IDIS', '', 'SV3443', 1),
(3447, 'SERVIBANCA', 'BCOOMV_FARALLON', 'CALI', '3447_CLL 9C 50-25', 'IDIS', '', 'SV3447', 1),
(3448, 'SERVIBANCA', 'TEXACO_LA_25', 'CALI', '3448_Clle 25 No 4-08', 'WINCOR NIXDORF', 'S-22 E', '56HG701293', 2),
(3451, 'SERVIBANCA', 'TERPEL_DIAMANTE', 'CALI', 'CR 29 39A-35', 'DIEBOLD', 'Opteva 522', '1562R3306199', 2),
(3463, 'SERVIBANCA', 'CENTRO_NARINO', 'BOGOT?', 'CLL 25 #34-26', 'DIEBOLD', 'Opteva 522', '1522VDC08269', 2),
(3486, 'SERVIBANCA', 'CAMPO_HERMOSO', 'BUCARAMANGA', '3486_CLL 45 1 OCC-47', 'EUDOX', 'Opteva 500', 'SV3486', 2),
(3487, 'SERVIBANCA', 'METRO_SAN_CAYET', 'BOGOT?', 'Calle 46A # 85A-51', 'DIEBOLD', 'Opteva 500', '1500V3300003', 2),
(3503, 'SERVIBANCA', 'METRO_MONTERIA', 'MONTER?A', 'Carrera 3 # 18-07', 'IDIS', 'C280', 'SV3503', 1),
(3506, 'SERVIBANCA', 'SURTI_4VIENTOS', 'CARTAGENA', '3506_Av P Heredia No 50-57', 'IDIS', 'S-22 E', 'SV3506', 1),
(3509, 'SERVIBANCA', 'COMFEN_BOSQUE', 'CARTAGENA', '3509_Diag G 26 No 56G-6 Local 18', 'IDIS', 'Opteva 522', 'SV3509', 1),
(3518, 'SERVIBANCA', 'SAO_AGUACHICA', 'AGUACHICA', 'Calle 5 # 23 - 73', 'WINCOR NIXDORF', 'C280', '56HG701303', 2),
(3524, 'SERVIBANCA', 'CHICO-94-II', 'BOGOT?', '3524_Calle 94 A No 13-90', 'DIEBOLD', 'Opteva 522', '1522VDC07595', 1),
(3528, 'SERVIBANCA', 'U_SANTIAGO_CALI', 'CALI', 'Calle 5 # 62-00', 'IDIS', 'C280', 'SV3528', 2),
(3542, 'SERVIBANCA', 'MONTERREY', 'MEDELL?N', '3542_CLL 14 No 48 - 33', 'IDIS', 'Opteva 562', 'SV3542', 2),
(3548, 'SERVIBANCA', 'S_INTER_HONDA', 'HONDA', 'Cra 11 # 16 - 48', 'WINCOR NIXDORF', 'C280', '56HG701312', 2),
(3552, 'SERVIBANCA', 'EDS_TEXACO_MANG', 'CARTAGENA', 'Calle Real # 15 - 21', 'WINCOR NIXDORF', 'C280', '56HG701903', 2),
(3565, 'SERVIBANCA', 'USACA-II', 'CALI', '3565_Calle 5 No 61-70', 'IDIS', 'S-22 E', 'SV3565', 1),
(3570, 'SERVIBANCA', 'PETRO-QUITO', 'MOSQUERA', '3570_Calle 13 Via Mosquera', 'DIEBOLD', 'Opteva 522', '1522VDC07779', 2),
(3599, 'SERVIBANCA', 'HOTEL_CONRAD', 'CONRAD', 'Anillo Vial Km 12 vIa al mar entre Manzanillo del Mar y Punt', 'DIEBOLD', 'C280', '1720FGR00512', 2),
(3669, 'SERVIBANCA', 'JUMBO_Pl_CENTRAL', 'BOGOT?', 'CARRERA 65 #11-50', 'WINCOR NIXDORF', 'C280', '56HG704955', 3),
(3782, 'SERVIBANCA', 'BMIA_BELLO', 'BELLO', 'CARRERA 48? # 46-99.', 'WINCOR NIXDORF', 'C280', '56HG705138', 1),
(3936, 'SERVIBANCA', 'EASY_CALLE_80', 'BOGOT?', '3936_Cll. 114 A # 78 B 85', 'WINCOR NIXDORF', 'C280', '56HG705055', 3),
(3949, 'SERVIBANCA', 'SAN_PEDROBUGA', 'SAN PEDRO (VALLE)', '3949_Km 14 Via Tulua Est. Esso', 'DIEBOLD', 'C280', '1522VDC08291', 1),
(3951, 'SERVIBANCA', 'ESSO_CAMPIN', 'BOGOT?', '3951_Cra 30 No. 53-82', 'WINCOR NIXDORF', 'C280', '56HG701354', 3),
(3959, 'SERVIBANCA', 'SAO_RIOHACHA', 'RIOHACHA', 'CLL 15 #15-74', 'WINCOR NIXDORF', 'C280', '56HG701314', 3),
(3962, 'SERVIBANCA', 'FLORIDA', 'BOGOT?', '3962_Cra 90 No 69 a - 56', 'DIEBOLD', 'Opteva 522', '1522VDC07781', 2),
(3975, 'SERVIBANCA', 'BCOOMV_BELLO', 'BELLO', '3975_Cra 48 No. 47-58', 'WINCOR NIXDORF', 'C280', '56HG705232', 1),
(3976, 'SERVIBANCA', 'BCOOMV_LAS_AMRC', 'MEDELL?N', '3976_Diag 75 B No. 2A-120 Local 113', 'IDIS', 'S-22 E', 'SV3976', 1),
(3980, 'SERVIBANCA', 'BCOOMV_FLORENCI', 'FLORENCIA', '3980_Cra 13 No. 12-48', 'WINCOR NIXDORF', 'C280', '56HG701888', 1),
(3982, 'SERVIBANCA', 'BCOOMV_BUENAVEN', 'BUENAVENTURA', '3982_Calle 8 No 2B-21', 'WINCOR NIXDORF', 'C280', '56HG701878', 1),
(3984, 'SERVIBANCA', 'BCOOMV_CC_UNIC2', 'CALI', '3984_Cra 3 No. 49-120 Local 272', 'WINCOR NIXDORF', 'Opteva 522', '56HG701914', 1),
(3986, 'SERVIBANCA', 'BCOOMV_RIONEGRO', 'RIONEGRO (ANTIOQUIA)', '3986_Cll 42 No.56-39 B.3 L 142', 'WINCOR NIXDORF', 'C280', '56HG704468', 1),
(3987, 'SERVIBANCA', 'BCOOMV_PRDO_BQ', 'BARRANQUILLA', '3987_Cra 53 No 72 - 169', 'IDIS', '5867', 'SV3987', 1),
(3999, 'SERVIBANCA', 'VS_JURIS_B_QLLA', 'BARRANQUILLA', '3999_CRA 53 #72-75', 'WINCOR NIXDORF', 'Opteva 500', '56HG701890', 1),
(4005, 'SERVIBANCA', 'GNBC_SOTOMAYOR', 'BUCARAMANGA', '4005_Kra 31 No 52-06', 'WINCOR NIXDORF', 'C280', '56HG704980', 2),
(4007, 'SERVIBANCA', 'N_ALAMOS', 'BOGOT?', 'TRANV 93 #64G-17', 'DIEBOLD', 'Opteva 522', '1522VDC07784', 2),
(4019, 'SERVIBANCA', 'AVDA_SEXTA', 'CALI', '4019_CALLE 15 Norte N 4N 106', 'DIEBOLD', 'S-22 E', '1522VDC01837', 1),
(4027, 'SERVIBANCA', 'LULO_CAR_ST_BAR', 'BOGOT?', '4027_CALLE 125B N 29-23', 'DIEBOLD', 'Opteva 500', '1500F3303928', 3),
(4040, 'SERVIBANCA', 'TERMIN_STAMARTA', 'SANTA MARTA', 'CLL 41 31-17', 'DIEBOLD', 'S-22', '1522FDC28586', 1),
(4049, 'SERVIBANCA', 'OL_CRISTALES', 'CALI', 'CRA 25 OESTE 6 - 120  ', 'DIEBOLD', 'Opteva 522', '1522VDC08919', 1),
(4056, 'SERVIBANCA', 'TEX-AMPARO', 'CARTAGENA', '4056_AV PEDRO H CR CORD', 'EUDOX', 'S-22 E', 'SV4056', 1),
(4066, 'SERVIBANCA', 'CAFE_Y_CAFE', 'CALI', '4066_C.C CHIPICHAPE', 'DIEBOLD', 'Opteva 522', '1522FDC28571', 3),
(4086, 'SERVIBANCA', 'METRO_AUTO_SUR', 'BOGOT?', 'Autopista Sur # 77-20', 'DIEBOLD', 'Opteva 562', '1562R3300838', 2),
(4088, 'SERVIBANCA', 'CAVIPETROL', 'BARRANCABERMEJA', 'CLL 57 24-75', 'WINCOR NIXDORF', 'Opteva 562', '56HG701911', 1),
(4092, 'SERVIBANCA', 'PETRO_ABADIA', 'BOGOT?', '4092_CL 134 CR 7', 'DIEBOLD', 'Opteva 522', '1522FDC02319', 2),
(4105, 'SERVIBANCA', 'CRULLA_SNICO', 'BOGOT?', '4105_Calle 116 No 70F-43', 'DIEBOLD', 'Opteva 522', '1522FDC28584', 3),
(4111, 'SERVIBANCA', 'CINE_PLAZA_I', 'BOGOT?', '4111_TR 71D 4-40', 'DIEBOLD', 'Opteva 562', '1562R3300909', 2),
(4112, 'SERVIBANCA', 'CINE_PLAZA_II', 'BOGOT?', '4112_TR 71D 4-40', 'DIEBOLD', 'Opteva 562', '1562R3302050', 2),
(4142, 'SERVIBANCA', 'EDS_ESSO_DAGAR', 'BUCARAMANGA', 'Carrera 22 # 30 ? 52 ', 'WINCOR NIXDORF', 'C280', '56HG701902', 2),
(4145, 'SERVIBANCA', 'S_INTER_PRIMAVE', 'CALI', 'Carrera 39 # 32A-01', 'WINCOR NIXDORF', 'C280', '56HG701330', 1),
(4147, 'SERVIBANCA', 'OXXO CALLE 95', 'BOGOT?', 'Calle 95 No. 13 ? 09 local 101', 'WINCOR NIXDORF', 'C280', '56HG701284', 2),
(4149, 'SERVIBANCA', 'BMIA_BARRANCAS', 'BOGOT?', 'Calle 162 # 7 F 37', 'WINCOR NIXDORF', 'C280', '56HG701873', 2),
(4154, 'SERVIBANCA', 'EXITO_BQUILLA', 'BARRANQUILLA', '4154_Cra. 51 B N? 87 - 50', 'DIEBOLD', 'Opteva 562', '1510FDC05942', 1),
(4165, 'SERVIBANCA', 'CENTRO COMERCIAL MEGATERR', 'BOGOT?', 'Av calle 13 con Av.? BoyacA? ', 'DIEBOLD', 'Opteva 522', '1522FDC28573', 2),
(4169, 'SERVIBANCA', 'SAN_RAFAEL', 'BOGOT?', 'Calle 134 # 55-30', 'DIEBOLD', 'Opteva 522', '1522FDC28562', 2),
(4182, 'SERVIBANCA', 'EXITO_UNIC', 'CALI', '4182_CLL 5 AV PASO ANCHO', 'IDIS', 'S-22', '30-46691991', 3),
(4195, 'SERVIBANCA', 'LEY_POPAYAN', 'POPAY?N', 'CR 5 6-45', 'DIEBOLD', 'S-22 E', '1562R3306485', 2),
(4196, 'SERVIBANCA', 'MALL_138', 'BOGOT?', '4196_AV Boyaca CL 138', 'DIEBOLD', 'Opteva 562', '1562R3306203', 1),
(4198, 'SERVIBANCA', 'PORTALQUINDIO', 'ARMENIA (QUINDIO)', '4198_CL 19 13-08', 'IDIS', 'Opteva 562', 'SV4198', 1),
(4203, 'SERVIBANCA', 'CENTRAL_MAYORIS', 'ITAG??', 'Calle 82? # 48-01', 'IDIS', 'C280', 'SV4203', 1),
(4204, 'SERVIBANCA', 'EXITO_METROPOLI', 'BARRANQUILLA', 'Transversal 9 # 29C-130', 'WINCOR NIXDORF', 'C280', '1510FDC04461', 1),
(4206, 'SERVIBANCA', 'C.C_OLAYA_PLAZA', 'CARTAGENA', 'Calle 32B # 65-46', 'WINCOR NIXDORF', 'C280', '56HG704479', 1),
(4208, 'SERVIBANCA', 'CARULLA_CALLE_76', 'BOGOT?', 'Carrera 11 # 76-05', 'WINCOR NIXDORF', 'C280', '56HG701312', 2),
(4209, 'SERVIBANCA', 'SURTIMAX_BELEN', 'MEDELL?N', 'Carrera 78 b # 3-80', 'WINCOR NIXDORF', 'C280', '56HG701307', 2),
(4214, 'SERVIBANCA', 'OL_SAO_CUCUTA', 'C?CUTA', 'Avenida 6 # 9 - 34', 'WINCOR NIXDORF', 'C280', '56HG701299', 1),
(4216, 'SERVIBANCA', 'BMIA_FUSAGASUGA', 'FUSAGASUG?', 'carrera 6 # 5-54 Centro ', 'WINCOR NIXDORF', 'C280', '56HG705193', 1),
(4217, 'SERVIBANCA', 'METRO_127', 'BUCARAMANGA', '4217_CR 33 41-34', 'WINCOR NIXDORF', 'C280', '56HG701319', 3),
(4220, 'SERVIBANCA', 'COMFAN_CRA_1', 'CALI', '4220_CR 1 CLL 56', 'DIEBOLD', 'Opteva 510', '1510FDC05940', 2),
(4224, 'SERVIBANCA', 'BOLIVAR_PLAZA', 'PEREIRA', '4224_CR 8 16-27', 'IDIS', 'S-22 E', 'SV4224', 1),
(4225, 'SERVIBANCA', 'OL_BUCARAMANGA', 'BUCARAMANGA', 'Carrera 15 # 2 - 71', 'DIEBOLD', 'C280', 'SV4245', 2),
(4226, 'SERVIBANCA', 'LAS-ESTRELLAS', 'BARRANQUILLA', 'Kra 38 No 108-57', 'DIEBOLD', 'Opteva 562', '1562R3302411', 1),
(4228, 'SERVIBANCA', 'LA-VINA', 'BARRANQUILLA', '4228_Calle 45 No 14-44', 'EUDOX', 'Opteva 562', 'SV4228', 1),
(4229, 'SERVIBANCA', 'RENDITIENDA_VIL', 'VILLA GORGONA', 'Calle 16 #4-48', 'WINCOR NIXDORF', 'C280', '56HG701348', 2),
(4232, 'SERVIBANCA', 'SUPER_RENDIDOR', 'SANTANDER DE QUILICHAO', 'Calle 15 # 11Bis-126', 'WINCOR NIXDORF', 'C280', '56HG701345', 2),
(4233, 'SERVIBANCA', 'CC_TUNAL', 'BOGOT?', 'Calle 47B sur # 24B-23 Local 2-061', 'WINCOR NIXDORF', 'C280', '56HG705101', 1),
(4234, 'SERVIBANCA', 'C.C_LA_HERRADUR', 'TUL?A', 'Carrera 19 #28-76', 'WINCOR NIXDORF', 'C280', '56HG701341', 1),
(4235, 'SERVIBANCA', 'CLINICA_LA_SABAN', 'BOGOT?', 'Av 19 # 102-53', 'WINCOR NIXDORF', 'C280', '56HG705009', 1),
(4237, 'SERVIBANCA', 'OL_EL_SILENCIO', 'BARRANQUILLA', 'Carrera 22 No. 46-22 ', 'WINCOR NIXDORF', 'C280', '56HG701294', 1),
(4247, 'SERVIBANCA', 'CINE_FLORESTA', 'BOGOT?', '4247_C.CCIAL FLORESTA', 'DIEBOLD', 'Opteva 500', '1500F3303369', 3),
(4250, 'SERVIBANCA', 'PARQUE-BIMA', 'CH?A', '4250_Aut. Norte K 16', 'DIEBOLD', 'Opteva 522', '1522FDC28613', 1),
(4253, 'SERVIBANCA', 'TERMIN_CTGENA', 'CARTAGENA', '4253_Terminal Cartagena', 'IDIS', 'S-22 E', 'SV4253', 1),
(4265, 'SERVIBANCA', 'VERBENAL', 'BOGOT?', '4265_Calle 188 No 13-15', 'DIEBOLD', 'Opteva 522', '1522VDC07774', 1),
(4266, 'SERVIBANCA', 'METROBELLO', 'BELLO', '4266_Kra 50 No 50-15', 'EUDOX', '5867', 'SV4266', 2),
(4291, 'SERVIBANCA', 'CC_GRAN_P_IPIALES', 'IPIALES', 'Calle 25 # 6B-23', 'WINCOR NIXDORF', 'C280', '56HG705101', 2),
(4294, 'SERVIBANCA', 'METRO_PRADO', 'MEDELL?N', 'CALLE 55 # 59-25', 'WINCOR NIXDORF', 'C280', '56HG704962', 2),
(4296, 'SERVIBANCA', 'MALL-SANCANC', 'MANIZALES', '4296_Calle 66 A No 26A41', 'DIEBOLD', 'Opteva 522', '1522FDC29043', 2),
(4297, 'SERVIBANCA', 'MELENDEZ-CLO', 'CALI', '4297_Kra 94 No 4-99', 'IDIS', 'Opteva 522', 'SV4297', 1),
(4298, 'SERVIBANCA', 'EXITO_PAS_D_PTE', 'PIEDECUESTA', 'Carrera 6 # 22 Local L0100', 'WINCOR NIXDORF', 'C280', '56HG704486', 2),
(4299, 'SERVIBANCA', 'MERCASUR_CALDAS', 'BUCARAMANGA', 'Carrera33 # 106- 17', 'WINCOR NIXDORF', 'C280', '56HG701339', 2),
(4305, 'SERVIBANCA', 'BCOOMV_MANIZALE', 'MANIZALES', '4305_ Calle 20 no. 22 - 27', 'IDIS', 'S-22 E', 'SV4305', 1),
(4320, 'SERVIBANCA', 'C.C_TINTAL', 'BOGOT?', '4320_AV CR 86 6-37', 'DIEBOLD', 'Opteva 562', '1562R3301993', 1),
(4328, 'SERVIBANCA', 'OL_MANZANARES', 'CALI', 'CLL 44 CRA 2 ESQ ', 'DIEBOLD', 'Opteva 562', '1522FDC28617', 1),
(4343, 'SERVIBANCA', 'EXITO_QUIRIGUA', 'BOGOT?', 'TRANSVERSAL 92 A # 82 - 00', 'IDIS', 'Opteva 562', 'SV4343', 2),
(4346, 'SERVIBANCA', 'CASA_LINDA', 'BOGOT?', 'CLL 59 SUR #22G-12', 'DIEBOLD', 'Opteva 562', '1562R3302979', 2),
(4347, 'SERVIBANCA', 'C.C._PALMETO', 'CALI', '4347_Clle 9 No. 48-81', 'WINCOR NIXDORF', 'C280', '56HG705047', 3),
(4355, 'SERVIBANCA', 'MERCASUR_CENTRO', 'BUCARAMANGA', 'Calle 35 # 23 - 82', 'WINCOR NIXDORF', 'C280', '56HG701337', 2),
(4377, 'SERVIBANCA', 'C.C.ELTESORO', 'CALI', '4377_CR 7 13-70', 'DIEBOLD', 'Opteva 522', '1522FDC28583', 3),
(4391, 'SERVIBANCA', 'EST_SANGABRIEL', 'BUCARAMANGA', '4391_CR 27 58-36', 'DIEBOLD', 'S-22 E', '1562R3302814', 1),
(4401, 'SERVIBANCA', 'OL_CLL_63', 'BOGOT?', 'CLL 63 #16 - 43', 'DIEBOLD', 'Opteva 562', '1562R3302022', 2),
(4404, 'SERVIBANCA', 'CAFAM_GALICIA', 'BOGOT?', '4404_Cra 82 B No 62 D 37 sur', 'DIEBOLD', 'Opteva 562', '1562R3302048', 2),
(4408, 'SERVIBANCA', 'TECHO', 'BOGOT?', '4408_Kra 76 No 24-70 S', 'DIEBOLD', 'Opteva 562', '1562R3300899', 2),
(4409, 'SERVIBANCA', 'CALLE_84_II', 'BARRANQUILLA', 'Kra 84 No 43-48 L.5', 'DIEBOLD', 'Opteva 562', '1562R3302023', 1),
(4412, 'SERVIBANCA', 'CALLE-36-BGA', 'BUCARAMANGA', '4412_Calle 36 Kra 26 L. 101', 'DIEBOLD', 'Opteva 522', '1522VDC08908', 1),
(4418, 'SERVIBANCA', 'OL_NVA_FLORESTA', 'CALI', 'CLL 44 #26 - 05  ', 'IDIS', 'Opteva 522', 'SV4418', 1),
(4419, 'SERVIBANCA', 'EL_CORTIJO', 'BOGOT?', '4419_Kra 116 A No 82-27', 'DIEBOLD', 'Opteva 522', '1522VDC07799?', 1),
(4420, 'SERVIBANCA', 'STA_MATILDE', 'BOGOT?', 'Calle 8 34-63', 'DIEBOLD', 'Opteva 562', '1562R3302026', 2),
(4421, 'SERVIBANCA', 'MODELIA_II', 'BOGOT?', '4421_Calle 42 No 77 A 10', 'DIEBOLD', 'Opteva 562', '1562R3302982', 1),
(4427, 'SERVIBANCA', 'SAN_REMO_BG', 'BUCARAMANGA', '4427_Calle 60 No 9-143', 'DIEBOLD', 'S-22 E', '1562R3300919', 1),
(4434, 'SERVIBANCA', 'BELMIRA_PLA', 'BOGOT?', '4434_Cll 140 No 12-62 L.24', 'DIEBOLD', 'Opteva 522', '1522VDC07772', 1),
(4443, 'SERVIBANCA', 'CCAFAM_MADRID', 'MADRID', '4443_Calle 7 No 9-40 via Faca', 'DIEBOLD', 'Opteva 522', '1522VDC07760', 1),
(4447, 'SERVIBANCA', 'C.C.BOCHICA', 'BOGOT?', '4447_Calle 80 No 102-40', 'DIEBOLD', 'Opteva 522', '1522VDC07997', 1),
(4456, 'SERVIBANCA', 'MAKRO-CALI', 'CALI', '4456_Kra 94 No 25-60', 'DIEBOLD', 'Opteva 520', '1520VDC02850', 2),
(4461, 'SERVIBANCA', 'CC_CEDRITOS', 'BOGOT?', '4461_Diag 151 No 32-19', 'DIEBOLD', 'Opteva 522', '1522VDC07757', 1),
(4463, 'SERVIBANCA', 'CAFAM_RESTREPO', 'BOGOT?', '4463_Cra. 20 No.14-17 Sur', 'DIEBOLD', 'Opteva 560', '1560RDC05281', 2),
(4464, 'SERVIBANCA', 'OL_KENNEDY_ORIE', 'BOGOT?', 'CRA 73D #38 SUR - 10', 'DIEBOLD', 'Opteva 560', '1560RDC05280', 2),
(4465, 'SERVIBANCA', 'PORVENIR_BAQ', 'BARRANQUILLA', '4465_Cra 43 No 76-100', 'DIEBOLD', 'S-22 E', '1562R3301998', 1),
(4474, 'SERVIBANCA', 'CARULLA-47', 'BOGOT?', '4474_Calle 47 Kra 13', 'DIEBOLD', 'Opteva 560', '1560RDC05300', 2),
(4475, 'SERVIBANCA', 'VS_COLANT_FUNZA', 'BOGOT?', '4475_Avda 13 No 183-86', 'DIEBOLD', 'Opteva 562', '1562R3300842', 1),
(4480, 'SERVIBANCA', 'LULO_PORTALES', 'BOGOT?', '4480_kra 58 No 167B- 64', 'DIEBOLD', 'Opteva 522', '1522VDC07995', 1),
(4500, 'SERVIBANCA', 'C.C._LA_TORRE', 'MEDELL?N', '4500_CR 52D 77-63 ITAGUI', 'DIEBOLD', 'Opteva 522', '1522FDC29034', 3),
(4509, 'SERVIBANCA', 'CLINICA_NOGALES', 'BOGOT?', 'CALLE 95 # 23-61', 'WINCOR NIXDORF', 'C280', '56HG705004', 1),
(4518, 'SERVIBANCA', 'COMFAMILIAR_BQA', 'BARRANQUILLA', '4518_Calle 48 No 43-104', 'IDIS', 'C280', 'SV4518', 1),
(4519, 'SERVIBANCA', 'METRO_MOSQUERA', 'MOSQUERA', 'Calle 5E # 5-90 Predio Zerrezuelita', 'DIEBOLD', 'Opteva 522', '1522FDC28579', 3),
(4520, 'SERVIBANCA', 'GNBC_CEDRITOS', 'BOGOT?', '4520_CLL 140 13-15', 'WINCOR NIXDORF', 'C280', '56HG704980', 2),
(4523, 'SERVIBANCA', 'GNBC_SEXTA', 'CALI', '4523_Avenida 6 No 25 N-11', 'DIEBOLD', 'Opteva 720', '1720FGR00557', 2),
(4527, 'SERVIBANCA', 'METRO_SUR_ORI', 'CALI', 'Carrera 3 # 69B-26', 'DIEBOLD', 'Opteva 562', '1562R3300432', 3),
(4536, 'SERVIBANCA', 'EXITO_PANORAMA', 'BARRANQUILLA', '4536_C.CIAL PANORAMA CR 8 CLL 30', 'DIEBOLD', 'Opteva 500', '1500F3302388', 3),
(4540, 'SERVIBANCA', 'GNB_FORPO', 'BOGOT?', '4540_CR 48 46-00S GRAL STDE', 'DIEBOLD', 'Opteva 522', '1522FDC02307', 3),
(4548, 'SERVIBANCA', 'GNBC_CABRERA_I', 'BOGOT?', '4548_Calle 86 No. 10-88', 'DIEBOLD', 'Opteva 720', '1720F3307934', 2),
(4550, 'SERVIBANCA', 'EXITO BMG CENTR', 'BUCARAMANGA', 'CALLE 36 # 15 - 33', 'WINCOR NIXDORF', 'C280', '56HG705040', 2),
(4551, 'SERVIBANCA', 'EXITO_CC_DELACU', 'PIEDECUESTA', 'CARRERA 15 # 3AN - 10', 'WINCOR NIXDORF', 'C280', '56HG705054', 2),
(4555, 'SERVIBANCA', 'VS_COOPLA_PEREI1', 'PEREIRA', '4555_CRA 10 #19-21', 'IDIS', 'Opteva 522', 'SV4555', 1),
(4565, 'SERVIBANCA', 'OL_CLL_100', 'BOGOT?', 'CLL 100 #45 - 81', 'DIEBOLD', 'Opteva 522', '1522FDC28556', 3),
(4572, 'SERVIBANCA', 'VS_COOPLA_PEREI2', 'PEREIRA', '4572_Calle 33 No 14-08', 'IDIS', 'Opteva 522', 'SV4572', 1),
(4576, 'SERVIBANCA', 'OL_PALMERAS', 'POPAY?N', 'CARRERA 17 # 61N-16', 'WINCOR NIXDORF', 'C280', '56HG704421', 2),
(4579, 'SERVIBANCA', 'CLINICA_SANTILL', 'CALI', '4579_CR 46 9C-85', 'IDIS', 'Opteva 522', 'SV4579', 1),
(4592, 'SERVIBANCA', 'BCOOMV_PROMETEO', 'PEREIRA', 'CLL 13 13-09', 'WINCOR NIXDORF', 'S-22 E', '56HG801607', 1),
(4596, 'SERVIBANCA', 'HATO_CHICO', 'BOGOT?', '4596_TRV 118 147A-27 L 1-01', 'WINCOR NIXDORF', 'C280', '56HG704465', 2),
(4609, 'SERVIBANCA', 'SUPER_I_CASTILL', 'PEREIRA', 'KILOMETRO 10 VIA CERRITOS', 'WINCOR NIXDORF', 'C280', '56HG704977', 1),
(4628, 'SERVIBANCA', 'VS_FINCOMER_BTA', 'BOGOT?', 'CARRERA. 28 A # 79-59', 'WINCOR NIXDORF', 'C280', '56HG705108', 1),
(4650, 'SERVIBANCA', 'COLSUB_ANAPOIMA', 'ANAPOIMA', 'CARRERA 5 # 13-13', 'WINCOR NIXDORF', 'C280', '56HG705001', 2),
(4705, 'SERVIBANCA', 'PLAZA_MINR_JMV', 'MEDELL?N', 'Calle 55 A # 57-80', 'WINCOR NIXDORF', 'C280', '56HG704426', 1),
(4710, 'SERVIBANCA', 'MARSELLA', 'BOGOT?', '4710_Avda Americas No 69 C 14', 'DIEBOLD', 'Opteva 562', '1562R3301982', 2),
(4711, 'SERVIBANCA', 'VS_AVANZA_CTO', 'ARMENIA', 'CRA 15 No. 18-45 ', 'IDIS', 'C280', 'SV4711', 1),
(4712, 'SERVIBANCA', 'VS_AVANZA_NTE', 'ARMENIA (QUINDIO)', 'CRA 13 No. 15N-59 ', 'WINCOR NIXDORF', 'C280', '56HG704481', 2),
(4713, 'SERVIBANCA', 'V_ALPES', 'BOGOT?', '4713_CLLE 36B S 3 A 75', 'DIEBOLD', 'Opteva 560', '1560RDC05290', 2),
(4714, 'SERVIBANCA', 'ZARAGOCILLA', 'CARTAGENA', 'Avda Hospital No 29-04', 'DIEBOLD', 'Opteva 562', '1562R3300840', 2),
(4717, 'SERVIBANCA', 'COMFEN_CRA_27', 'BUCARAMANGA', 'Kra 27 No 40 A 24', 'DIEBOLD', 'Opteva 562', '1522VDC07753', 1),
(4719, 'SERVIBANCA', 'DIAMANTE-C', 'CALI', '4719_Calle 16 No 45-56', 'WINCOR NIXDORF', 'C280', '56HG701350', 1),
(4723, 'SERVIBANCA', 'SAN-FELIPE', 'CARTAGENA', 'Calle 30 No 18 A 208', 'DIEBOLD', 'C280', '1562R3302020', 2),
(4724, 'SERVIBANCA', 'EDS_ESSO_MURALL', 'CARTAGENA', 'TRV 54 No 30 100', 'WINCOR NIXDORF', 'Opteva 562', '56HG701905', 1),
(4727, 'SERVIBANCA', 'BAVIERA', 'BOGOT?', 'CLL 145B #48-20', 'DIEBOLD', 'Opteva 522', '1522VDC07769', 1),
(4728, 'SERVIBANCA', 'GNB_COUNTRY_BQ', 'BARRANQUILLA', 'Calle 76 No 56-71', 'DIEBOLD', 'S-22 E', '1562R3300895', 1),
(4729, 'SERVIBANCA', 'VS_C.PROF_B_MGA', 'BUCARAMANGA', '4729_Cra 28 No 47-31', 'IDIS', '5867', 'SV4729', 1),
(4735, 'SERVIBANCA', 'VILLA-LUZ-II', 'BOGOT?', '4735_Kra 77 No 62 A 31', 'DIEBOLD', 'Opteva 562', '1562R3302097', 2),
(4736, 'SERVIBANCA', 'SUPER_CANA_BUGA', 'BUGA', 'CALLE 8 SUR CARRERA 12 ESQUINA', 'WINCOR NIXDORF', 'C280', '56HG704431', 2),
(4737, 'SERVIBANCA', 'CANAVERAL_INGEN', 'CALI', 'CALLE 25 # 85B-100', 'WINCOR NIXDORF', 'C280', '56HG704425', 1),
(4738, 'SERVIBANCA', 'CANAVERAL_LIMON', 'CALI', 'CARRERA 70 # 13B-18', 'WINCOR NIXDORF', 'C280', '56HG704426', 1),
(4740, 'SERVIBANCA', 'PARQUE-CENT', 'BARRANQUILLA', 'Calle 50 No 43-01', 'DIEBOLD', 'Opteva 562', '1562R3300906', 1),
(4741, 'SERVIBANCA', 'PROVENZA', 'BUCARAMANGA', 'Calle 105 No 23-155', 'DIEBOLD', 'Opteva 562', '1562R3302809', 1),
(4742, 'SERVIBANCA', 'SUPER_CANA_PINO', 'CALI', 'CALLE 69 Y 70 CON CARRERA 7M Y 7R BIS ESQUINA', 'WINCOR NIXDORF', 'C280', '56HG704424', 1),
(4744, 'SERVIBANCA', 'SUPER_CANA_MERI', 'BUGA', 'CALLE 4 # 19-24', 'WINCOR NIXDORF', 'C280', '56HG704433', 2),
(4747, 'SERVIBANCA', 'ALPUJARRA', 'MEDELL?N', 'Calle 44 No 52-165', 'DIEBOLD', 'S-22 E', '1562R3302811', 2),
(4749, 'SERVIBANCA', 'SUPER_CANA_PALM', 'PALMIRA', 'CALLE 28 # 24-70', 'WINCOR NIXDORF', 'C280', '56HG704434', 1),
(4750, 'SERVIBANCA', 'BCOOMV_OASIS_II', 'CALI', '4750_Cra 100 5-169 local 4-40 Centro comercial Unicentro', 'WINCOR NIXDORF', '5867', '56HG801600?', 1),
(4754, 'SERVIBANCA', 'OL_ARACATACA', 'ARACATACA', 'CARRERA 8 # 5A-41', 'WINCOR NIXDORF', 'C280', '56HG704411', 2),
(4755, 'SERVIBANCA', 'PANPAYA-127', 'BOGOT?', '4755_Diag 127 No 9-16', 'DIEBOLD', 'Opteva 522', '1522VDC07776', 1),
(4756, 'SERVIBANCA', 'OL_SABANALARGA2', 'SABANALARGA (ATL?NTICO)', 'CALLE 27 # 22C-04', 'WINCOR NIXDORF', 'C280', '56HG704390', 1),
(4758, 'SERVIBANCA', 'PANPAYA_CRTGENA', 'CARTAGENA', 'CARRERA 2 # 7-126 AVENIDA SAN MARTIN', 'WINCOR NIXDORF', 'Opteva 562', '56HG704450', 1),
(4764, 'SERVIBANCA', 'MERCAMAS', 'CALI', '4764_Calle 50 No 12-09', 'IDIS', 'C280', 'SV4764', 1),
(4765, 'SERVIBANCA', 'COLON-CALI', 'CALI', '4765_Calle 66 No 1-120', 'IDIS', 'S-22 E', 'SV4765', 1),
(4767, 'SERVIBANCA', 'PANPAYA_CALLE_97', 'BOGOT?', 'CALLE 97 # 23-60 LOCAL 102', 'WINCOR NIXDORF', 'C280', '56HG704409', 1),
(4769, 'SERVIBANCA', 'SURTIMAX_ROJAS', 'BOGOT?', 'AVENIDA ROJAS # 71-19', 'WINCOR NIXDORF', 'C280', '56HG704411', 2),
(4770, 'SERVIBANCA', 'SURTIMAX_ENGATIV', 'BOGOT?', 'CALLE 64 # 112 B 48', 'WINCOR NIXDORF', 'C280', '56HG704413', 2),
(4771, 'SERVIBANCA', 'BARRANCAS', 'BOGOT?', '4771_Calle 156 No 8 A 24', 'DIEBOLD', 'Opteva 560', '1560R3304836', 1),
(4776, 'SERVIBANCA', 'SIMON-BOLIVAR', 'BARRANQUILLA', '4776_Calle 19 No 6 A 20', 'IDIS', 'Opteva 562', 'SV4776', 1),
(4784, 'SERVIBANCA', 'ARA_SOACHA', 'SOACHA', 'TRANSVERSAL 7 # 7 ? 20 VIA INDUMIL', 'WINCOR NIXDORF', 'C280', '56HG704472', 2),
(4789, 'SERVIBANCA', 'EDS_TERPEL_BUCA', 'BUCARAMANGA', 'CARRERA 26 # 21 - 55', 'WINCOR NIXDORF', 'C280', '56HG704508', 2),
(4792, 'SERVIBANCA', 'TERMIN_MLLIN_2', 'MEDELL?N', 'Kra 64 C No 37 B 344', 'WINCOR NIXDORF', 'S-22 E', '56HG704956', 1),
(4795, 'SERVIBANCA', 'VILLA_CAMPESTRE', 'GIR?N', 'CARRERA 21B # 24 ? 10 CASA 495', 'WINCOR NIXDORF', 'Opteva 510', '56HG704495', 2),
(4805, 'SERVIBANCA', 'LUCERO_BAJO_II', 'BOGOT?', 'CARRERA 17 M # 69 B 04 SUR', 'WINCOR NIXDORF', 'C280', '56HG704511', 1),
(4812, 'SERVIBANCA', 'MERCASUR_CBCERA', 'BUCARAMANGA', 'CARRERA 38 # 51 -92', 'WINCOR NIXDORF', 'S-22', '56HG704428', 1),
(4813, 'SERVIBANCA', 'BCOOMV_SDE_NAL1', 'CALI', 'Calle 13 No 57-50', 'DIEBOLD', 'Opteva 500', '1500V3300013', 2),
(4815, 'SERVIBANCA', 'MENGA', 'YUMBO', 'Calle 10 No 38-110', 'DIEBOLD', 'Opteva 522', '1562R3302018', 1),
(4816, 'SERVIBANCA', 'RODADERO', 'SANTA MARTA', 'Calle 9 Kra 3', 'DIEBOLD', 'S-22 E', '1562R3301996', 2),
(4817, 'SERVIBANCA', 'CORDIALIDAD-BQA', 'BARRANQUILLA', '4817_Calle 47 No 14-135', 'IDIS', 'Opteva 562', 'SV4817', 1),
(4818, 'SERVIBANCA', 'OL_NORTE_III', 'POPAYAN', 'CARRERA 9 # 17N-11', 'IDIS', 'C280', 'SV4818', 2),
(4819, 'SERVIBANCA', 'METROCENT-II', 'BARRANQUILLA', '4819_Calle 45 No 1-85', 'DIEBOLD', 'Opteva 562', '1562R3302038', 3),
(4822, 'SERVIBANCA', 'C.C_LAS_PALMAS', 'SANTA MARTA', 'Transversal 9 No.29C-130', 'WINCOR NIXDORF', 'S-22 E', '56HG701915', 1),
(4825, 'SERVIBANCA', 'LA_14_TERRAPLAZ', 'POPAYAN', 'CARRERA 9 # 73 BN ? 22 LOCAL A-01PB', 'IDIS', 'Opteva 562', 'SV4825', 1),
(4845, 'SERVIBANCA', 'BELALCAZAR_I', 'YUMBO', '4845_Calle 6 No 4-67', 'IDIS', 'Opteva 562', 'SV4845', 2),
(4846, 'SERVIBANCA', 'AV-P-HEREDIA', 'CARTAGENA', 'Avda Pedro Hered No 35A96', 'DIEBOLD', 'Opteva 562', '1562R3301998', 2),
(4847, 'SERVIBANCA', 'VS_COOPGR_SCARLO', 'SAN CARLOS (MEDELLIN)', '4847_Calle 21 No 16-52', 'IDIS', 'S-22 E', 'SV4846', 1),
(4851, 'SERVIBANCA', 'COFRADIA', 'BOGOT?', '4851_CRA100 #38C-63', 'DIEBOLD', 'Opteva 520', '1520V3300531', 1),
(4857, 'SERVIBANCA', 'AV-VENEZUELA', 'CARTAGENA', '4857_AVDA VENEZUELA ED DANIEL', 'DIEBOLD', 'S-22 E', '1562R3302019', 2),
(4859, 'SERVIBANCA', 'PALMAR', 'PALMAR DE VARELA', '4859_Calle 11 No 9-134', 'IDIS', 'S-22 E', 'SV4859', 1),
(4865, 'SERVIBANCA', 'CASTELL-CTG', 'CARTAGENA', '4865_C.COMERCIAL CASTELLANA IS.3', 'DIEBOLD', 'Opteva 562', '1562R3302292', 3),
(4880, 'SERVIBANCA', 'V-DEL-LAGO', 'CALI', 'Kra 26 No 71-04', 'WINCOR NIXDORF', 'S-22 E', '56HG704459', 1),
(4881, 'SERVIBANCA', 'CC_CASABLANCA', 'MADRID', 'CALLE 7 # 1?-91 ESTE', 'WINCOR NIXDORF', 'C280', '56HG704405', 1),
(4885, 'SERVIBANCA', 'SAO_CARTAGO', 'CARTAGO', 'CALLE 14 # 11-19', 'WINCOR NIXDORF', 'C280', '56HG704423', 2),
(4886, 'SERVIBANCA', 'SUPER_INTER_PLA', 'ARMENIA (QUINDIO)', 'CARRERA 19 # 36 NORTE 82', 'WINCOR NIXDORF', 'C280', '56HG704435', 2),
(4889, 'SERVIBANCA', 'SUPER_INTER_NOR', 'ARMENIA (QUINDIO)', 'AVENIDA CENTENARIO # 2-50', 'WINCOR NIXDORF', 'C280', '56HG704436', 2),
(4898, 'SERVIBANCA', 'RAPI_CIENAGA', 'CI?NAGA', 'CALLE 20 #21-33', 'WINCOR NIXDORF', 'C280', '56HG704444', 2),
(4900, 'SERVIBANCA', 'RAPI_STA_CRUZ', 'SANTA MARTA', 'CARRERA 29 # 42-37', 'WINCOR NIXDORF', 'C280', '56HG704445', 1),
(4901, 'SERVIBANCA', 'S_INTER_TEBAIDA', 'LA TEBAIDA', 'CARRERA? 6 # 11-38', 'WINCOR NIXDORF', 'C280', '56HG704446', 1),
(4903, 'SERVIBANCA', 'SAO_BVENTURA', 'BUENAVENTURA', 'CARRERA 47 # 1? - 32', 'WINCOR NIXDORF', 'S-22 E', '56HG704404', 1);
INSERT INTO `atms` (`atm`, `name_client`, `site_atm`, `city_atm`, `direction_atm`, `brand_atm`, `product_atm`, `serial_atm`, `id_alarms_FK`) VALUES
(4906, 'SERVIBANCA', 'EXITO_EXP_TRIAN', 'ENVIGADO', 'CALLE 46 E # 42 B-05', 'WINCOR NIXDORF', 'C280', '56HG704404', 2),
(4908, 'SERVIBANCA', 'SERFINANZA_PARQ', 'BARRANQUILLA', 'CALLE 98 CARRERA 53 LOCAL 17 ? 18', 'WINCOR NIXDORF', 'C280', '56HG704484', 1),
(4914, 'SERVIBANCA', 'BCOOMV_CARTAGEN', 'CARTAGENA', '4914_Calle 38 No 8-80', 'IDIS', 'S-22', 'SV4914', 1),
(4921, 'SERVIBANCA', 'SAN-AGUSTIN', 'CARTAGENA', '4921_Calle 36 No 6-64', 'EUDOX', 'S-22 E', 'SV4921', 2),
(4923, 'SERVIBANCA', 'EXITO_COL', 'MEDELL?N', '4923_Cra.66 No.49-01', 'IDIS', 'S-22', 'SV4923', 1),
(4924, 'SERVIBANCA', 'EXITO-ENVIGA', 'ENVIGADO', '4924_Kra 48 No 34Sur 29', 'IDIS', 'Opteva 562', 'SV4924', 1),
(4932, 'SERVIBANCA', 'GNBC_KRA_52', 'BARRANQUILLA', '4932_kra 52 No 72-131', 'DIEBOLD', 'Opteva 720', '1720FGR00556', 2),
(4945, 'SERVIBANCA', 'BCOOMV_SERES', 'CALI', '4945_Cra 61 No 9-250', 'WINCOR NIXDORF', 'S-22 E', '56HG704465', 1),
(4948, 'SERVIBANCA', 'HOME_C_CALI_NTE', 'CALI', '4948_Home Center Cali', 'DIEBOLD', 'Opteva 522', '1522FDC28535', 3),
(4957, 'SERVIBANCA', 'SUPER-A-CLO', 'CALI', 'Kra 1 Oeste No 1-109', 'DIEBOLD', 'Opteva 562', '1562R3306202', 2),
(4966, 'SERVIBANCA', 'OL_CANAVERAL', 'CALI', 'CRA 46 #48 - 43 ', 'DIEBOLD', 'S-22 E', '1562R3300859', 1),
(4967, 'SERVIBANCA', 'DOWN_TOWN_CAJICA', 'CAJIC?', 'CARRERA 3 CALLE 4', 'WINCOR NIXDORF', 'C280', '56HG705072', 1),
(4968, 'SERVIBANCA', 'EXITO-LAUREL', 'MEDELL?N', '4968_Kra 81 No 37-100', 'IDIS', 'Opteva 562', 'SV4968', 1),
(4970, 'SERVIBANCA', 'MAKRO_CAJIC?', 'CAJIC?', 'VIA CHIA CAJICA COSTADO OCCIDENTAL', 'WINCOR NIXDORF', 'C280', '56HG705013', 2),
(4975, 'SERVIBANCA', 'SAN_JOSE', 'BARRANQUILLA', '4975_CALLE 45 N 20-199 BQUILLA', 'DIEBOLD', 'S-22 E', '1562R3306733', 1),
(4977, 'SERVIBANCA', 'BCOOMV_LA_70', 'MEDELL?N', '4977_Kra 70 No 45 E 103', 'IDIS', 'S-22 E', 'SV4977', 1),
(4979, 'SERVIBANCA', 'OL_ARRAYANES', 'ITAG??', 'CRA 50 A # 36-75 LC 100', 'WINCOR NIXDORF', 'C280', '56HG704448', 1),
(4997, 'SERVIBANCA', 'OL_GUADALUPE', 'CALI', 'CLL 18 A #56-65 ', 'DIEBOLD', 'Opteva 522', '1522VDC08296', 1);

-- --------------------------------------------------------

--
-- Estructura de tabla para la tabla `history`
--

CREATE TABLE `history` (
  `id_history` int(11) NOT NULL,
  `hora_fecha` datetime NOT NULL DEFAULT current_timestamp(),
  `nombre_persona_cierre` varchar(40) DEFAULT NULL,
  `minutes_required` int(11) DEFAULT NULL,
  `observation` varchar(250) DEFAULT NULL,
  `id_Action_fk` int(11) NOT NULL,
  `atm_FK` int(4) NOT NULL,
  `id_user_FK` varchar(25) NOT NULL
) ENGINE=InnoDB DEFAULT CHARSET=utf8mb4 COLLATE=utf8mb4_general_ci;

--
-- Volcado de datos para la tabla `history`
--

INSERT INTO `history` (`id_history`, `hora_fecha`, `nombre_persona_cierre`, `minutes_required`, `observation`, `id_Action_fk`, `atm_FK`, `id_user_FK`) VALUES
(21, '2023-05-15 07:38:05', '', 45, 'Apertura con servibanca', 1, 1098, 'Luiz.Dias'),
(22, '2023-05-15 07:50:00', 'Jhonny Martinez', 0, 'Se hace cierre con servibanca', 2, 1015, 'Luiz.Dias'),
(23, '2023-05-15 07:53:47', '', 240, '', 1, 1051, 'Brayan.Palomino'),
(24, '2023-05-15 08:35:00', 'Jhonny Martinez', 0, 'Queda ATM sin alarma', 2, 1015, 'Brayan.Palomino'),
(25, '2023-05-15 09:34:13', '', 56, 'ATM sin alarma', 1, 1137, 'Karen.Zape'),
(26, '2023-05-15 09:34:00', 'Jhonny Martinez', 0, 'ATM sin alarma', 2, 1137, 'Karen.Zape');

-- --------------------------------------------------------

--
-- Estructura de tabla para la tabla `rol`
--

CREATE TABLE `rol` (
  `id_rol` int(11) NOT NULL,
  `rol_name` varchar(30) NOT NULL
) ENGINE=InnoDB DEFAULT CHARSET=utf8mb4 COLLATE=utf8mb4_general_ci;

--
-- Volcado de datos para la tabla `rol`
--

INSERT INTO `rol` (`id_rol`, `rol_name`) VALUES
(1, 'Administrador'),
(2, 'Usuario');

-- --------------------------------------------------------

--
-- Estructura de tabla para la tabla `users`
--

CREATE TABLE `users` (
  `id_user` int(11) NOT NULL,
  `user_name` varchar(40) NOT NULL,
  `user_password` varchar(40) NOT NULL,
  `created_at` date NOT NULL DEFAULT current_timestamp(),
  `id_rol_FK` int(11) NOT NULL,
  `id_estado_FK` int(11) DEFAULT NULL
) ENGINE=InnoDB DEFAULT CHARSET=utf8mb4 COLLATE=utf8mb4_general_ci;

--
-- Volcado de datos para la tabla `users`
--

INSERT INTO `users` (`id_user`, `user_name`, `user_password`, `created_at`, `id_rol_FK`, `id_estado_FK`) VALUES
(2, 'Julian.Ruiz', '456', '2023-05-02', 1, 2),
(3, 'Johan.Garcia', '123', '2023-05-03', 1, 2),
(6, 'Brayan.Palomino', 'Andres#2003', '2023-05-08', 1, NULL),
(8, 'Luiz.Dias', 'Andres#2003', '2023-05-08', 2, NULL),
(10, 'Paola.Rodriguez', 'Andres#2003', '2023-05-12', 1, NULL),
(11, 'William.Latorre', 'Andres#2003', '2023-05-13', 2, NULL),
(13, 'Karen.Zape', 'Andres#2003', '2023-05-15', 2, NULL);

-- --------------------------------------------------------

--
-- Estructura de tabla para la tabla `users_status`
--

CREATE TABLE `users_status` (
  `id_estado` int(11) NOT NULL,
  `user_status` bit(1) NOT NULL
) ENGINE=InnoDB DEFAULT CHARSET=utf8mb4 COLLATE=utf8mb4_general_ci;

--
-- Volcado de datos para la tabla `users_status`
--

INSERT INTO `users_status` (`id_estado`, `user_status`) VALUES
(1, b'0'),
(2, b'1');

--
-- Índices para tablas volcadas
--

--
-- Indices de la tabla `alarms_company`
--
ALTER TABLE `alarms_company`
  ADD PRIMARY KEY (`id_alarms`);

--
-- Indices de la tabla `alarm_action`
--
ALTER TABLE `alarm_action`
  ADD PRIMARY KEY (`id_alarm_action`),
  ADD UNIQUE KEY `estado_action` (`estado_action`);

--
-- Indices de la tabla `atms`
--
ALTER TABLE `atms`
  ADD PRIMARY KEY (`atm`),
  ADD KEY `fk_idCompany` (`id_alarms_FK`);

--
-- Indices de la tabla `history`
--
ALTER TABLE `history`
  ADD PRIMARY KEY (`id_history`),
  ADD KEY `fk_idAtm` (`atm_FK`),
  ADD KEY `id_Action_fk_2` (`id_Action_fk`),
  ADD KEY `id_Action_fk` (`id_Action_fk`) USING BTREE,
  ADD KEY `id_user_FK` (`id_user_FK`) USING BTREE;

--
-- Indices de la tabla `rol`
--
ALTER TABLE `rol`
  ADD PRIMARY KEY (`id_rol`);

--
-- Indices de la tabla `users`
--
ALTER TABLE `users`
  ADD PRIMARY KEY (`id_user`),
  ADD UNIQUE KEY `user_name` (`user_name`),
  ADD KEY `fk_idRol` (`id_rol_FK`),
  ADD KEY `fk_idEstado` (`id_estado_FK`);

--
-- Indices de la tabla `users_status`
--
ALTER TABLE `users_status`
  ADD PRIMARY KEY (`id_estado`);

--
-- AUTO_INCREMENT de las tablas volcadas
--

--
-- AUTO_INCREMENT de la tabla `alarms_company`
--
ALTER TABLE `alarms_company`
  MODIFY `id_alarms` int(11) NOT NULL AUTO_INCREMENT, AUTO_INCREMENT=5;

--
-- AUTO_INCREMENT de la tabla `alarm_action`
--
ALTER TABLE `alarm_action`
  MODIFY `id_alarm_action` int(11) NOT NULL AUTO_INCREMENT, AUTO_INCREMENT=5;

--
-- AUTO_INCREMENT de la tabla `history`
--
ALTER TABLE `history`
  MODIFY `id_history` int(11) NOT NULL AUTO_INCREMENT, AUTO_INCREMENT=27;

--
-- AUTO_INCREMENT de la tabla `rol`
--
ALTER TABLE `rol`
  MODIFY `id_rol` int(11) NOT NULL AUTO_INCREMENT, AUTO_INCREMENT=3;

--
-- AUTO_INCREMENT de la tabla `users`
--
ALTER TABLE `users`
  MODIFY `id_user` int(11) NOT NULL AUTO_INCREMENT, AUTO_INCREMENT=14;

--
-- AUTO_INCREMENT de la tabla `users_status`
--
ALTER TABLE `users_status`
  MODIFY `id_estado` int(11) NOT NULL AUTO_INCREMENT, AUTO_INCREMENT=3;

--
-- Restricciones para tablas volcadas
--

--
-- Filtros para la tabla `atms`
--
ALTER TABLE `atms`
  ADD CONSTRAINT `fk_idCompany` FOREIGN KEY (`id_alarms_FK`) REFERENCES `alarms_company` (`id_alarms`) ON DELETE CASCADE ON UPDATE CASCADE;

--
-- Filtros para la tabla `history`
--
ALTER TABLE `history`
  ADD CONSTRAINT `history_ibfk_1` FOREIGN KEY (`id_Action_fk`) REFERENCES `alarm_action` (`id_alarm_action`) ON DELETE CASCADE ON UPDATE CASCADE,
  ADD CONSTRAINT `history_ibfk_3` FOREIGN KEY (`atm_FK`) REFERENCES `atms` (`atm`) ON DELETE CASCADE ON UPDATE CASCADE;

--
-- Filtros para la tabla `users`
--
ALTER TABLE `users`
  ADD CONSTRAINT `fk_idEstado` FOREIGN KEY (`id_estado_FK`) REFERENCES `users_status` (`id_estado`) ON DELETE CASCADE ON UPDATE CASCADE,
  ADD CONSTRAINT `fk_idRol` FOREIGN KEY (`id_rol_FK`) REFERENCES `rol` (`id_rol`) ON DELETE CASCADE ON UPDATE CASCADE;
COMMIT;

/*!40101 SET CHARACTER_SET_CLIENT=@OLD_CHARACTER_SET_CLIENT */;
/*!40101 SET CHARACTER_SET_RESULTS=@OLD_CHARACTER_SET_RESULTS */;
/*!40101 SET COLLATION_CONNECTION=@OLD_COLLATION_CONNECTION */;
